tconst,rt_id,rt_movie_title,rt_year,rt_tomatometer_rating,rt_tomatometer_count,rt_audience_rating,rt_audience_count,rt_runtime_minutes,rt_high,rt_certified_fresh,candidate_count,year_diff,runtime_diff
tt0011439,581,The Mark of Zorro,1920.0,88,8,70.0,4984.0,80.0,1.0,0,1,0.0,1.0
tt0011841,16038,Way Down East,1920.0,94,18,68.0,1059.0,107.0,1.0,0,1,0.0,38.0
tt0012349,973,The Kid,1921.0,100,32,95.0,15371.0,60.0,1.0,0,1,0.0,8.0
tt0012532,10810,Orphans of the Storm,1921.0,92,12,71.0,465.0,190.0,1.0,0,1,0.0,40.0
tt0013556,981,Robin Hood,1922.0,100,8,71.0,684.0,110.0,1.0,0,1,0.0,33.0
tt0014341,10833,Our Hospitality,1923.0,96,27,90.0,3404.0,74.0,1.0,0,1,0.0,9.0
tt0015163,13612,The Navigator,1924.0,100,17,89.0,3189.0,63.0,1.0,0,1,0.0,4.0
tt0015400,14939,The Thief of Bagdad,1924.0,96,25,83.0,2292.0,153.0,1.0,0,1,0.0,2.0
tt0015864,14169,The Gold Rush,1925.0,100,48,93.0,20500.0,85.0,1.0,1,1,0.0,10.0
tt0016630,3124,Battling Butler,1926.0,78,9,76.0,681.0,68.0,1.0,0,1,0.0,9.0
tt0016847,823,Faust,1926.0,94,18,91.0,5568.0,117.0,1.0,0,1,0.0,10.0
tt0017925,452,The General,1927.0,92,52,92.0,11457.0,79.0,1.0,1,1,1.0,12.0
tt0018578,16357,Wings,1927.0,93,41,78.0,3502.0,144.0,1.0,1,1,0.0,0.0
tt0018773,972,The Circus,1928.0,96,23,94.0,6690.0,75.0,1.0,0,1,0.0,3.0
tt0019412,12913,Speedy,1928.0,100,5,89.0,704.0,71.0,1.0,0,1,0.0,14.0
tt0020018,7815,In Old Arizona,1928.0,56,9,39.0,353.0,95.0,0.0,0,1,0.0,0.0
tt0022100,569,M,1931.0,100,53,95.0,36103.0,105.0,1.0,1,1,0.0,12.0
tt0022395,952,The Skin Game,1931.0,17,6,17.0,341.0,82.0,0.0,0,1,0.0,3.0
tt0022913,6345,Freaks,1932.0,94,54,88.0,24416.0,64.0,1.0,1,1,0.0,0.0
tt0023293,1006,The Old Dark House,1932.0,100,23,72.0,2746.0,71.0,1.0,0,1,0.0,1.0
tt0023969,5495,Duck Soup,1933.0,92,50,91.0,36382.0,69.0,1.0,1,1,0.0,0.0
tt0024184,514,The Invisible Man,1933.0,100,37,85.0,11089.0,72.0,1.0,0,1,0.0,1.0
tt0024216,538,King Kong,1933.0,98,60,86.0,90052.0,103.0,1.0,1,1,0.0,3.0
tt0024264,557,Little Women,1933.0,93,14,78.0,9755.0,115.0,1.0,0,1,0.0,0.0
tt0024481,11497,Queen Christina,1933.0,90,20,84.0,3157.0,97.0,1.0,0,1,0.0,2.0
tt0024593,12809,Son of Kong,1933.0,36,11,28.0,2452.0,70.0,0.0,0,1,0.0,0.0
tt0024844,8766,L'Atalante,1934.0,100,33,89.0,5588.0,82.0,1.0,0,1,0.0,7.0
tt0025164,6526,The Gay Divorcee,1934.0,100,13,82.0,3368.0,107.0,1.0,0,1,0.0,0.0
tt0025464,9489,Manhattan Melodrama,1934.0,80,15,71.0,862.0,93.0,1.0,0,1,0.0,0.0
tt0026029,6,The 39 Steps,1935.0,96,47,86.0,23827.0,87.0,1.0,1,1,0.0,1.0
tt0027075,748,A Tale of Two Cities,1935.0,100,11,84.0,2138.0,128.0,1.0,0,1,0.0,0.0
tt0027214,15067,The Whole Town's Talking,1935.0,100,10,78.0,386.0,95.0,1.0,0,1,0.0,2.0
tt0027914,913,Love on the Run,1936.0,80,5,60.0,273.0,496.0,1.0,0,1,0.0,416.0
tt0027977,9913,Modern Times,1936.0,100,57,95.0,40131.0,87.0,1.0,1,1,0.0,0.0
tt0028096,14696,The Petrified Forest,1936.0,100,11,80.0,4876.0,83.0,1.0,0,1,0.0,1.0
tt0028212,691,Sabotage,1937.0,100,11,69.0,5357.0,81.0,1.0,0,1,1.0,5.0
tt0028216,12110,San Francisco,1936.0,100,9,71.0,1331.0,115.0,1.0,0,1,0.0,0.0
tt0028333,746,Swing Time,1936.0,100,26,87.0,7372.0,103.0,1.0,0,1,0.0,0.0
tt0028683,343,Camille,1936.0,92,13,84.0,4344.0,108.0,1.0,0,1,0.0,1.0
tt0028772,4943,A Day at the Races,1937.0,100,15,89.0,9145.0,111.0,1.0,0,1,0.0,0.0
tt0029146,8963,The Life of Emile Zola,1937.0,78,27,73.0,2336.0,117.0,1.0,0,1,0.0,1.0
tt0029284,10217,My Favorite Wife,1940.0,85,13,82.0,5613.0,88.0,1.0,0,1,0.0,0.0
tt0029440,655,The Prince and the Pauper,1937.0,60,5,63.0,3023.0,118.0,0.0,0,1,0.0,0.0
tt0029442,656,The Prisoner of Zenda,1937.0,100,9,80.0,715.0,101.0,1.0,0,1,0.0,0.0
tt0029942,3751,Boys Town,1938.0,90,20,81.0,4212.0,96.0,1.0,0,1,0.0,0.0
tt0029947,3851,Bringing Up Baby,1938.0,93,44,90.0,39086.0,102.0,1.0,1,1,0.0,0.0
tt0029995,13876,The Citadel,1938.0,89,9,70.0,404.0,112.0,1.0,0,1,0.0,2.0
tt0030341,543,The Lady Vanishes,1938.0,98,43,88.0,12959.0,99.0,1.0,1,1,0.0,3.0
tt0031088,3155,Beau Geste,1939.0,100,10,85.0,737.0,114.0,1.0,0,1,0.0,2.0
tt0031225,5150,Destry Rides Again,1939.0,95,22,81.0,4882.0,94.0,1.0,0,1,0.0,1.0
tt0031235,399,Dodge City,1939.0,100,13,74.0,2612.0,105.0,1.0,0,1,0.0,1.0
tt0031334,438,The Four Feathers,1939.0,100,9,86.0,2885.0,99.0,1.0,0,1,0.0,30.0
tt0031381,6772,Gone With the Wind,1939.0,90,93,93.0,293478.0,222.0,1.0,1,1,0.0,16.0
tt0031385,460,"Goodbye, Mr. Chips",1939.0,82,17,87.0,5649.0,114.0,1.0,0,1,0.0,0.0
tt0031398,6970,Gunga Din,1939.0,92,26,74.0,6066.0,117.0,1.0,0,1,0.0,0.0
tt0031580,553,The Little Princess,1939.0,88,8,81.0,15273.0,91.0,1.0,0,1,0.0,2.0
tt0031762,10752,Only Angels Have Wings,1939.0,100,27,82.0,5547.0,121.0,1.0,0,1,0.0,0.0
tt0031867,11891,The Roaring Twenties,1939.0,100,14,89.0,5076.0,104.0,1.0,0,1,0.0,2.0
tt0031951,12807,Son of Frankenstein,1939.0,91,23,71.0,3872.0,99.0,1.0,0,1,0.0,0.0
tt0031971,727,Stagecoach,1939.0,100,37,86.0,14555.0,100.0,1.0,0,1,0.0,4.0
tt0032138,15089,The Wizard of Oz,1939.0,98,116,89.0,875984.0,101.0,1.0,1,1,0.0,1.0
tt0032155,16570,Young Mr. Lincoln,1939.0,100,22,81.0,2298.0,100.0,1.0,0,1,0.0,0.0
tt0032181,2187,Abe Lincoln in Illinois,1940.0,83,6,71.0,438.0,110.0,1.0,0,1,0.0,0.0
tt0032390,13970,The Devil Bat,1940.0,58,12,31.0,2050.0,67.0,0.0,0,1,0.0,1.0
tt0032484,6270,Foreign Correspondent,1940.0,94,36,81.0,6882.0,120.0,1.0,0,1,0.0,0.0
tt0032617,7664,I Love You Again,1940.0,100,5,82.0,640.0,99.0,1.0,0,1,0.0,0.0
tt0032701,548,The Letter,1940.0,100,13,83.0,3708.0,95.0,1.0,0,1,0.0,0.0
tt0032762,1151,The Mark of Zorro,1940.0,91,11,79.0,8658.0,93.0,1.0,0,1,0.0,1.0
tt0032943,654,Pride and Prejudice,1940.0,100,10,77.0,9210.0,118.0,1.0,0,1,0.0,0.0
tt0033717,7326,High Sierra,1941.0,95,19,77.0,5724.0,96.0,1.0,0,1,0.0,4.0
tt0033870,575,The Maltese Falcon,1941.0,100,55,91.0,57767.0,101.0,1.0,1,1,0.0,1.0
tt0034398,16403,The Wolf Man,1941.0,94,35,80.0,10349.0,70.0,1.0,0,1,0.0,0.0
tt0034546,3728,Bowery at Midnight,1942.0,40,5,18.0,1842.0,60.0,0.0,0,1,0.0,1.0
tt0034587,353,Cat People,1942.0,93,46,73.0,7763.0,73.0,1.0,1,1,0.0,0.0
tt0034862,7377,Holiday Inn,1942.0,100,25,86.0,11839.0,100.0,1.0,0,1,0.0,0.0
tt0034891,7857,In Which We Serve,1942.0,89,18,76.0,854.0,114.0,1.0,0,1,0.0,1.0
tt0034946,8519,Kings Row,1942.0,100,15,77.0,1070.0,126.0,1.0,0,1,0.0,1.0
tt0035015,572,The Magnificent Ambersons,1942.0,90,40,85.0,6437.0,88.0,1.0,1,1,0.0,0.0
tt0035093,10102,Mrs. Miniver,1942.0,92,26,85.0,6041.0,134.0,1.0,0,1,0.0,0.0
tt0035140,10593,"Now, Voyager",1942.0,91,22,90.0,7437.0,117.0,1.0,0,1,0.0,0.0
tt0035417,13431,The Talk of the Town,1942.0,93,15,85.0,3066.0,117.0,1.0,0,1,0.0,1.0
tt0035432,764,This Gun for Hire,1942.0,93,14,81.0,2397.0,81.0,1.0,0,1,0.0,0.0
tt0035567,16416,Woman of the Year,1942.0,92,25,81.0,6631.0,114.0,1.0,0,1,0.0,0.0
tt0035966,7037,Hangmen Also Die,1943.0,85,13,67.0,399.0,131.0,1.0,0,1,0.0,3.0
tt0035979,7195,Heaven Can Wait,1943.0,85,13,76.0,4371.0,112.0,1.0,0,1,0.0,0.0
tt0036098,8709,Lassie Come Home,1943.0,94,16,75.0,6056.0,89.0,1.0,0,1,0.0,0.0
tt0036260,11126,Phantom Lady,1944.0,100,7,73.0,391.0,87.0,1.0,0,1,0.0,0.0
tt0036342,703,Shadow of a Doubt,1943.0,100,35,90.0,19417.0,108.0,1.0,0,1,0.0,0.0
tt0036377,12816,The Song of Bernadette,1943.0,86,14,80.0,3255.0,156.0,1.0,0,1,0.0,0.0
tt0036613,2793,Arsenic and Old Lace,1944.0,88,25,92.0,45508.0,118.0,1.0,0,1,1.0,0.0
tt0036653,322,Bluebeard,1944.0,100,12,38.0,798.0,73.0,1.0,0,1,0.0,1.0
tt0036775,5383,Double Indemnity,1944.0,97,60,95.0,35670.0,107.0,1.0,1,1,0.0,0.0
tt0036855,6514,Gaslight,1944.0,87,30,90.0,8493.0,114.0,1.0,0,1,0.0,0.0
tt0037008,545,Laura,1944.0,100,61,91.0,10739.0,90.0,1.0,1,1,0.0,2.0
tt0037017,8973,Lifeboat,1944.0,92,25,87.0,9395.0,100.0,1.0,0,1,0.0,3.0
tt0037059,9685,Meet Me In St. Louis,1944.0,100,32,87.0,36996.0,113.0,1.0,0,1,0.0,0.0
tt0037077,9850,The Miracle of Morgan's Creek,1944.0,88,26,83.0,3132.0,98.0,1.0,0,1,0.0,0.0
tt0037101,10146,"Murder, My Sweet",1944.0,94,16,87.0,3775.0,95.0,1.0,0,1,0.0,0.0
tt0037415,881,The Uninvited,1944.0,95,19,80.0,2687.0,99.0,1.0,0,1,0.0,0.0
tt0037913,9819,Mildred Pierce,1945.0,86,42,91.0,8209.0,113.0,1.0,1,1,0.0,2.0
tt0038057,12190,Scarlet Street,1945.0,100,14,88.0,3667.0,95.0,1.0,0,1,0.0,7.0
tt0038107,12865,The Southerner,1945.0,91,11,78.0,870.0,91.0,1.0,0,1,0.0,1.0
tt0038355,307,The Big Sleep,1946.0,97,64,91.0,33461.0,116.0,1.0,1,1,0.0,2.0
tt0038559,6624,Gilda,1946.0,97,32,88.0,9516.0,110.0,1.0,0,1,0.0,0.0
tt0038577,6899,Green for Danger,1947.0,73,15,84.0,1068.0,91.0,0.0,0,1,1.0,0.0
tt0038589,7125,The Harvey Girls,1946.0,100,10,82.0,5699.0,102.0,1.0,0,1,0.0,0.0
tt0038854,651,The Postman Always Rings Twice,1946.0,92,24,79.0,7638.0,113.0,1.0,0,1,0.0,0.0
tt0038965,12798,Somewhere in the Night,1946.0,89,9,62.0,553.0,108.0,1.0,0,1,0.0,2.0
tt0038991,736,The Stranger,1946.0,96,26,80.0,5245.0,96.0,1.0,0,1,0.0,1.0
tt0039208,1028,Boomerang!,1947.0,76,17,64.0,548.0,88.0,1.0,0,1,0.0,0.0
tt0039224,3906,Brute Force,1947.0,91,11,87.0,1636.0,94.0,1.0,0,1,0.0,4.0
tt0039286,4752,Crossfire,1947.0,81,16,76.0,1875.0,86.0,1.0,0,1,0.0,0.0
tt0039302,4899,Dark Passage,1947.0,93,27,82.0,6534.0,106.0,1.0,0,1,0.0,0.0
tt0039420,6582,The Ghost and Mrs. Muir,1947.0,100,16,88.0,8874.0,104.0,1.0,0,1,0.0,0.0
tt0039536,808,Kiss of Death,1947.0,88,16,76.0,2044.0,98.0,1.0,0,1,0.0,1.0
tt0039566,8971,Life With Father,1947.0,91,11,78.0,1631.0,118.0,1.0,0,1,0.0,0.0
tt0039631,9955,Monsieur Verdoux,1947.0,97,32,88.0,5461.0,125.0,1.0,0,1,0.0,1.0
tt0039661,1433,Nightmare Alley,1947.0,100,11,87.0,1665.0,111.0,1.0,0,1,0.0,1.0
tt0039677,624,Odd Man Out,1947.0,100,30,86.0,1963.0,111.0,1.0,0,1,0.0,5.0
tt0039768,11818,Ride the Pink Horse,1947.0,100,7,89.0,262.0,101.0,1.0,0,1,0.0,0.0
tt0040068,2181,Abbott and Costello Meet Frankenstein,1948.0,88,26,85.0,8601.0,83.0,1.0,0,1,0.0,0.0
tt0040308,5548,Easter Parade,1948.0,90,21,86.0,9306.0,103.0,1.0,0,1,0.0,0.0
tt0040338,5921,The Fallen Idol,1949.0,100,33,88.0,2335.0,92.0,1.0,0,1,1.0,3.0
tt0040427,7158,He Walked by Night,1948.0,86,7,61.0,457.0,80.0,1.0,0,1,0.0,1.0
tt0040495,528,Johnny Belinda,1948.0,89,9,88.0,1421.0,103.0,1.0,0,1,0.0,1.0
tt0040506,8423,Key Largo,1948.0,97,34,88.0,11983.0,101.0,1.0,0,1,0.0,1.0
tt0040525,14402,The Lady From Shanghai,1948.0,82,45,85.0,8708.0,87.0,1.0,1,1,1.0,0.0
tt0040536,8912,Letter From an Unknown Woman,1948.0,100,22,86.0,2613.0,90.0,1.0,0,1,0.0,3.0
tt0040724,11668,Red River,,100,28,88.0,8507.0,133.0,1.0,0,1,,0.0
tt0040725,675,The Red Shoes,1948.0,96,57,92.0,11718.0,136.0,1.0,1,1,0.0,1.0
tt0040866,8652,La Terra trema,1948.0,90,10,86.0,893.0,161.0,1.0,0,1,0.0,1.0
tt0041113,61,All the King's Men,1949.0,97,35,78.0,4844.0,109.0,1.0,0,1,0.0,1.0
tt0041268,4733,Criss Cross,1949.0,100,10,79.0,1607.0,98.0,1.0,0,1,0.0,14.0
tt0041386,6295,The Fountainhead,1949.0,83,12,74.0,4164.0,114.0,1.0,0,1,0.0,0.0
tt0041507,7835,In the Good Old Summertime,1949.0,60,10,79.0,3997.0,102.0,0.0,0,1,0.0,0.0
tt0041841,12118,Sands of Iwo Jima,1950.0,100,10,80.0,9800.0,109.0,1.0,0,1,1.0,9.0
tt0041928,13173,The Stratton Story,1949.0,86,7,81.0,1253.0,106.0,1.0,0,1,0.0,0.0
tt0042192,52,All About Eve,1950.0,100,67,94.0,45151.0,138.0,1.0,1,1,0.0,0.0
tt0042286,333,Broken Arrow,1950.0,89,9,70.0,1021.0,93.0,1.0,0,1,0.0,0.0
tt0042451,428,Father of the Bride,1950.0,93,30,74.0,13890.0,93.0,1.0,0,1,0.0,1.0
tt0042792,1130,No Way Out,1950.0,90,10,82.0,582.0,106.0,1.0,0,1,0.0,0.0
tt0042876,11594,Rashômon,1951.0,98,54,93.0,48038.0,83.0,1.0,1,1,1.0,5.0
tt0042994,728,Stage Fright,1950.0,90,20,68.0,5937.0,110.0,1.0,0,1,0.0,0.0
tt0043041,15224,Three Came Home,1950.0,100,8,72.0,853.0,106.0,1.0,0,1,0.0,0.0
tt0043137,793,Winchester '73,1950.0,100,21,86.0,5444.0,92.0,1.0,0,1,0.0,0.0
tt0043278,2544,An American in Paris,1951.0,95,62,79.0,26417.0,115.0,1.0,1,1,0.0,1.0
tt0043379,4080,Captain Horatio Hornblower,1951.0,100,8,77.0,1186.0,117.0,1.0,0,1,0.0,0.0
tt0043459,5058,Decision Before Dawn,1951.0,100,6,69.0,334.0,119.0,1.0,0,1,0.0,0.0
tt0043879,10689,On Dangerous Ground,1952.0,94,18,79.0,1151.0,96.0,1.0,0,1,1.0,14.0
tt0044406,3241,Bela Lugosi Meets a Brooklyn Gorilla,1952.0,29,7,17.0,215.0,74.0,0.0,0,1,0.0,0.0
tt0044926,599,Moulin Rouge,1952.0,78,9,90.0,68244.0,119.0,1.0,0,1,0.0,0.0
tt0045205,13228,Sudden Fear,1952.0,100,7,84.0,1393.0,110.0,1.0,0,1,0.0,0.0
tt0045537,3021,The Band Wagon,1953.0,100,18,82.0,4679.0,112.0,1.0,0,1,0.0,0.0
tt0045555,306,The Big Heat,,100,29,90.0,5939.0,90.0,1.0,0,1,,1.0
tt0045793,442,From Here to Eternity,1953.0,92,52,84.0,14848.0,118.0,1.0,1,1,0.0,0.0
tt0045826,6675,Glen or Glenda?,1953.0,35,23,33.0,7221.0,65.0,0.0,0,1,0.0,0.0
tt0045883,7419,Hondo,1953.0,86,7,74.0,7569.0,83.0,1.0,0,1,0.0,0.0
tt0045897,7639,I Confess,1952.0,81,27,76.0,7430.0,95.0,1.0,0,1,1.0,0.0
tt0046183,636,Peter Pan,1953.0,80,35,80.0,277881.0,77.0,1.0,0,1,0.0,0.0
tt0046672,4,"20,000 Leagues Under The Sea",1954.0,89,27,74.0,68860.0,127.0,1.0,0,1,0.0,0.0
tt0046816,4011,The Caine Mutiny,1954.0,92,25,87.0,7541.0,124.0,1.0,0,1,0.0,0.0
tt0046874,375,The Country Girl,1954.0,86,7,78.0,3102.0,104.0,1.0,0,1,0.0,0.0
tt0046912,5188,Dial M for Murder,1954.0,89,45,92.0,38044.0,106.0,1.0,1,1,0.0,1.0
tt0047123,8042,It Should Happen to You,1954.0,100,12,75.0,757.0,86.0,1.0,0,1,0.0,0.0
tt0047296,10705,On the Waterfront,1954.0,98,64,95.0,52099.0,108.0,1.0,1,1,0.0,0.0
tt0047437,692,Sabrina,1954.0,92,37,89.0,55264.0,113.0,1.0,0,1,0.0,0.0
tt0047494,12561,The Silver Chalice,1954.0,13,8,19.0,164.0,142.0,0.0,0,1,0.0,0.0
tt0047573,757,Them!,1954.0,100,27,77.0,8701.0,93.0,1.0,0,1,0.0,1.0
tt0047647,15837,Vera Cruz,1954.0,83,12,70.0,2074.0,94.0,1.0,0,1,0.0,0.0
tt0047834,2666,Animal Farm,1954.0,60,10,67.0,6969.0,73.0,0.0,0,1,0.0,1.0
tt0047849,2968,Bad Day at Black Rock,1955.0,97,30,88.0,5811.0,82.0,1.0,0,1,0.0,1.0
tt0047878,3369,The Big Combo,1955.0,92,13,81.0,2200.0,87.0,1.0,0,1,0.0,0.0
tt0047892,3639,Bob le Flambeur,,97,31,90.0,5191.0,100.0,1.0,0,1,,2.0
tt0047898,3814,Bride of the Monster,1955.0,45,11,29.0,6091.0,70.0,0.0,0,1,0.0,1.0
tt0048140,6979,Guys and Dolls,1955.0,91,32,83.0,30820.0,150.0,1.0,0,1,0.0,0.0
tt0048342,9446,The Man From Laramie,1955.0,100,9,78.0,3404.0,104.0,1.0,0,1,0.0,1.0
tt0048347,14544,The Man With the Golden Arm,1955.0,86,21,84.0,4093.0,119.0,1.0,0,1,0.0,0.0
tt0048380,593,Mister Roberts,1955.0,92,25,85.0,6722.0,123.0,1.0,0,1,0.0,0.0
tt0048424,10437,The Night of the Hunter,1955.0,99,69,90.0,24644.0,93.0,1.0,1,1,0.0,1.0
tt0048473,11013,Pather Panchali,1955.0,98,43,94.0,6061.0,126.0,1.0,1,1,0.0,1.0
tt0048545,11632,Rebel Without a Cause,1955.0,96,49,88.0,58485.0,111.0,1.0,1,1,0.0,0.0
tt0048641,12699,Smiles of a Summer Night,1955.0,100,13,89.0,6018.0,110.0,1.0,0,1,0.0,1.0
tt0048673,13258,Summertime,1955.0,94,16,81.0,3772.0,98.0,1.0,0,1,0.0,4.0
tt0048947,831,Anastasia,1956.0,90,10,78.0,13698.0,105.0,1.0,0,1,0.0,0.0
tt0049223,6264,Forbidden Planet,1956.0,98,44,85.0,21431.0,98.0,1.0,1,1,0.0,0.0
tt0049261,6616,Giant,1956.0,95,41,87.0,24233.0,197.0,1.0,1,1,0.0,4.0
tt0049470,14541,The Man Who Knew Too Much,1956.0,91,33,84.0,33960.0,120.0,1.0,0,1,0.0,0.0
tt0049474,9451,The Man in the Gray Flannel Suit,1956.0,75,12,72.0,1780.0,153.0,1.0,0,1,0.0,0.0
tt0049777,12753,The Solid Gold Cadillac,1956.0,100,5,67.0,535.0,99.0,1.0,0,1,0.0,0.0
tt0049833,754,The Ten Commandments,1956.0,94,35,87.0,60187.0,219.0,1.0,0,1,0.0,1.0
tt0050356,5704,The Enemy Below,1957.0,80,5,87.0,4612.0,98.0,1.0,0,1,0.0,0.0
tt0050371,5892,A Face in the Crowd,1957.0,93,28,94.0,4991.0,125.0,1.0,0,1,0.0,1.0
tt0050490,7198,Heaven Knows Mr. Allison,1957.0,88,8,81.0,2730.0,108.0,1.0,0,1,0.0,1.0
tt0050539,7874,The Incredible Shrinking Man,1957.0,92,24,82.0,3871.0,81.0,1.0,0,1,0.0,0.0
tt0050858,11365,The Pride and the Passion,1957.0,25,8,25.0,1635.0,132.0,0.0,0,1,0.0,0.0
tt0050986,16315,Wild Strawberries,1957.0,95,43,94.0,22600.0,90.0,1.0,1,1,0.0,1.0
tt0051087,15302,The Tin Star,1957.0,80,5,72.0,1491.0,92.0,1.0,0,1,0.0,1.0
tt0051337,12345,The 7th Voyage of Sinbad,1958.0,100,14,77.0,8741.0,88.0,1.0,0,1,0.0,0.0
tt0051411,3370,The Big Country,1958.0,100,12,90.0,5494.0,168.0,1.0,0,1,0.0,2.0
tt0051739,7459,The Horse's Mouth,1958.0,94,16,76.0,1183.0,93.0,1.0,0,1,0.0,4.0
tt0051845,8732,The Last Hurrah,1958.0,92,12,82.0,777.0,121.0,1.0,0,1,0.0,0.0
tt0052104,11503,Queen of Outer Space,1958.0,18,11,23.0,538.0,80.0,0.0,0,1,0.0,0.0
tt0052151,12029,"Run Silent, Run Deep",1958.0,100,8,79.0,5553.0,93.0,1.0,0,1,0.0,0.0
tt0052218,12764,Some Came Running,1959.0,82,11,76.0,864.0,136.0,1.0,0,1,1.0,1.0
tt0052311,773,Touch of Evil,1958.0,96,76,92.0,31149.0,95.0,1.0,1,1,0.0,0.0
tt0052357,15847,Vertigo,1958.0,95,75,93.0,102296.0,128.0,1.0,1,1,0.0,0.0
tt0052561,2623,Anatomy of a Murder,1959.0,100,45,90.0,12316.0,160.0,1.0,1,1,0.0,1.0
tt0052572,15104,The World of Apu,1960.0,96,26,95.0,3876.0,103.0,1.0,0,1,1.0,2.0
tt0052611,14145,The Giant Behemoth,1959.0,20,5,30.0,539.0,80.0,0.0,0,1,0.0,0.0
tt0052918,501,Imitation of Life,1959.0,84,25,91.0,9578.0,125.0,1.0,0,1,0.0,0.0
tt0052969,8469,The Killer Shrews,1959.0,50,10,25.0,2479.0,70.0,0.0,0,1,0.0,1.0
tt0052997,14452,The League of Gentlemen,1959.0,86,7,84.0,942.0,115.0,1.0,0,1,1.0,1.0
tt0053137,627,On the Beach,1959.0,76,21,69.0,4358.0,134.0,1.0,0,1,0.0,0.0
tt0053183,11296,Pork Chop Hill,,80,5,70.0,2571.0,97.0,1.0,0,1,,0.0
tt0053285,718,Sleeping Beauty,1959.0,88,42,80.0,427893.0,75.0,1.0,1,1,0.0,0.0
tt0053472,3803,Breathless,1961.0,97,64,90.0,38879.0,90.0,1.0,1,1,1.0,0.0
tt0053779,5315,La Dolce Vita,1960.0,97,61,90.0,34049.0,174.0,1.0,1,1,0.0,0.0
tt0053796,842,The Entertainer,1960.0,75,12,73.0,1162.0,97.0,1.0,0,1,0.0,1.0
tt0054047,573,The Magnificent Seven,1960.0,88,43,87.0,53958.0,126.0,1.0,1,1,0.0,2.0
tt0054067,3496,Black Sunday,1960.0,86,21,77.0,6595.0,83.0,1.0,0,1,0.0,4.0
tt0054240,10802,Orgy of the Dead,1965.0,0,6,22.0,1300.0,90.0,0.0,0,1,0.0,2.0
tt0054292,12313,Sergeant Rutledge,1960.0,86,7,89.0,341.0,112.0,1.0,0,1,0.0,1.0
tt0054353,740,The Sundowners,1960.0,82,11,63.0,586.0,133.0,1.0,0,1,0.0,0.0
tt0054357,747,Swiss Family Robinson,1960.0,82,22,78.0,41448.0,126.0,1.0,0,1,0.0,0.0
tt0054387,768,The Time Machine,1960.0,77,35,79.0,19456.0,103.0,1.0,0,1,0.0,0.0
tt0054412,15558,Tunes of Glory,1960.0,71,7,79.0,1086.0,107.0,0.0,0,1,0.0,0.0
tt0054476,16312,Wild River,1960.0,100,12,83.0,525.0,115.0,1.0,0,1,0.0,5.0
tt0054743,4303,The Children's Hour,1961.0,86,7,84.0,7213.0,107.0,1.0,0,1,0.0,1.0
tt0054997,7598,The Hustler,1961.0,98,43,93.0,31176.0,134.0,1.0,1,1,0.0,0.0
tt0055032,8305,Jules and Jim,1962.0,92,39,89.0,21517.0,104.0,1.0,0,1,0.0,1.0
tt0055100,9282,Lover Come Back,1961.0,90,10,77.0,5723.0,107.0,1.0,0,1,0.0,0.0
tt0055257,10729,One-Eyed Jacks,1961.0,53,15,73.0,2976.0,141.0,0.0,0,1,0.0,0.0
tt0055277,633,The Parent Trap,1961.0,90,20,75.0,174597.0,127.0,1.0,0,1,0.0,2.0
tt0055597,15863,Victim,1961.0,100,28,87.0,1335.0,90.0,1.0,0,2,0.0,0.0
tt0055614,16118,West Side Story,1961.0,93,69,84.0,168875.0,151.0,1.0,1,1,0.0,2.0
tt0055630,16537,Yojimbo,1961.0,95,39,96.0,42288.0,110.0,1.0,0,1,0.0,0.0
tt0055805,3644,Boccaccio '70,1962.0,60,10,78.0,2505.0,205.0,0.0,0,1,0.0,0.0
tt0055824,344,Cape Fear,1962.0,100,20,86.0,17709.0,106.0,1.0,0,1,0.0,0.0
tt0055830,347,Carnival of Souls,1962.0,86,35,73.0,9427.0,80.0,1.0,0,1,0.0,2.0
tt0055972,5856,Experiment in Terror,1962.0,100,6,77.0,1416.0,123.0,1.0,0,1,0.0,0.0
tt0056048,468,Gypsy,1962.0,64,14,74.0,6394.0,143.0,0.0,0,2,0.0,0.0
tt0056059,7128,Hatari!,1962.0,67,24,77.0,8668.0,157.0,0.0,0,1,0.0,0.0
tt0056196,561,Long Day's Journey Into Night,1962.0,94,16,86.0,3061.0,174.0,1.0,0,1,0.0,0.0
tt0056197,9134,The Longest Day,1962.0,87,23,90.0,42903.0,179.0,1.0,0,1,0.0,1.0
tt0056217,9466,The Man Who Shot Liberty Valance,1962.0,93,45,92.0,23641.0,123.0,1.0,1,1,0.0,0.0
tt0056262,605,The Music Man,1962.0,94,17,85.0,30530.0,152.0,1.0,0,1,0.0,1.0
tt0056264,607,Mutiny on the Bounty,1962.0,68,19,74.0,4457.0,179.0,0.0,0,1,0.0,1.0
tt0056291,8555,Knife in the Water,1962.0,100,33,85.0,7788.0,94.0,1.0,0,1,0.0,0.0
tt0056412,11817,Ride the High Country,,93,14,84.0,4062.0,94.0,1.0,0,1,,0.0
tt0056592,15323,To Kill A Mockingbird,1962.0,92,59,93.0,178996.0,130.0,1.0,1,1,0.0,1.0
tt0056825,2509,America America,1963.0,63,8,85.0,968.0,174.0,0.0,0,1,0.0,0.0
tt0056860,3137,Beach Party,1963.0,43,7,43.0,450.0,101.0,0.0,0,1,0.0,0.0
tt0056868,3424,Billy Liar,1963.0,100,14,84.0,2691.0,94.0,1.0,0,1,0.0,4.0
tt0056983,5104,Dementia 13,1963.0,65,23,35.0,4151.0,75.0,0.0,0,1,0.0,0.0
tt0057012,5419,Dr. Strangelove Or How I Learned to Stop Worrying and Love the Bomb,1964.0,98,87,94.0,209243.0,95.0,1.0,1,1,0.0,0.0
tt0057163,494,Hud,1963.0,82,28,89.0,8402.0,108.0,1.0,0,1,0.0,4.0
tt0057360,10382,A New Kind of Love,1963.0,14,7,51.0,1913.0,110.0,0.0,0,1,0.0,0.0
tt0057490,12319,The Servant,1964.0,86,28,90.0,3362.0,112.0,1.0,0,1,1.0,4.0
tt0057578,15209,This Sporting Life,1963.0,95,20,87.0,1892.0,134.0,1.0,0,1,0.0,0.0
tt0057935,4240,Charulata,1964.0,93,28,91.0,896.0,117.0,1.0,0,1,0.0,0.0
tt0058092,5997,Father Goose,1964.0,79,14,86.0,9262.0,116.0,1.0,0,1,0.0,2.0
tt0058213,7596,"Hush...Hush, Sweet Charlotte",1964.0,81,27,85.0,8093.0,150.0,1.0,0,1,0.0,17.0
tt0058331,9586,Mary Poppins,1964.0,100,50,86.0,682310.0,139.0,1.0,1,1,0.0,0.0
tt0058390,14596,The Naked Kiss,1964.0,93,14,81.0,3148.0,92.0,1.0,0,1,0.0,2.0
tt0058404,10438,The Night of the Iguana,1964.0,71,14,85.0,4616.0,120.0,0.0,0,1,0.0,5.0
tt0058440,10910,Pajama Party,1964.0,33,9,33.0,1402.0,82.0,0.0,0,1,0.0,0.0
tt0058576,12330,Seven Days in May,1964.0,91,22,89.0,3036.0,117.0,1.0,0,1,0.0,1.0
tt0058586,710,A Shot in the Dark,1964.0,93,30,87.0,17936.0,101.0,1.0,0,1,0.0,1.0
tt0058777,16635,Zulu,1964.0,95,21,91.0,30170.0,139.0,1.0,0,1,0.0,1.0
tt0058898,2480,Alphaville,1965.0,91,46,81.0,13102.0,100.0,1.0,1,1,0.0,1.0
tt0058962,3187,The Bedford Incident,1965.0,86,14,76.0,1239.0,102.0,1.0,0,1,0.0,0.0
tt0058997,3941,Bunny Lake Is Missing,1965.0,86,14,78.0,2526.0,107.0,1.0,0,1,0.0,0.0
tt0059012,4312,Chimes at Midnight,1965.0,98,46,85.0,2448.0,115.0,1.0,1,1,0.0,4.0
tt0059037,4371,The Cincinnati Kid,1965.0,85,20,78.0,5988.0,113.0,1.0,0,1,0.0,11.0
tt0059124,5415,Dr. Goldfoot and the Bikini Machine,1965.0,29,7,43.0,1867.0,88.0,0.0,0,1,0.0,0.0
tt0059126,5421,Dr. Who and the Daleks,1965.0,47,17,41.0,2081.0,78.0,0.0,0,1,0.0,4.0
tt0059221,14144,The Ghost and Mr. Chicken,1966.0,67,6,75.0,8412.0,90.0,0.0,0,1,0.0,0.0
tt0059260,3151,Help!,1965.0,88,26,86.0,28079.0,90.0,1.0,0,1,0.0,2.0
tt0059309,7809,In Harm's Way,1965.0,42,12,81.0,6179.0,165.0,0.0,0,1,0.0,0.0
tt0059377,8672,Lady L,1965.0,29,7,32.0,101.0,107.0,0.0,0,1,0.0,10.0
tt0059712,12477,Ship of Fools,1965.0,72,18,78.0,1170.0,52.0,0.0,0,1,0.0,97.0
tt0059740,12829,The Sons of Katie Elder,1965.0,100,11,81.0,10144.0,122.0,1.0,0,1,0.0,0.0
tt0060138,3011,Au Hasard Balthazar,1966.0,100,42,86.0,6956.0,95.0,1.0,1,1,0.0,0.0
tt0060666,9503,Manos: The Hands of Fate,1966.0,0,14,20.0,8221.0,74.0,0.0,0,1,0.0,4.0
tt0060668,9522,Marat/Sade,,92,13,79.0,156.0,115.0,1.0,0,1,,4.0
tt0060908,8505,King of Hearts,1967.0,94,17,88.0,3915.0,101.0,1.0,0,1,1.0,1.0
tt0060934,12114,The Sand Pebbles,1966.0,94,16,89.0,5628.0,179.0,1.0,0,1,0.0,3.0
tt0061189,16299,The Wild Angels,1966.0,63,19,46.0,1838.0,124.0,0.0,0,1,0.0,31.0
tt0061395,3247,Belle de Jour,1968.0,96,54,86.0,4123.0,105.0,1.0,1,1,1.0,5.0
tt0061407,749,The Taming of the Shrew,1967.0,86,22,74.0,7865.0,126.0,1.0,0,1,0.0,4.0
tt0061418,3675,Bonnie and Clyde,1967.0,88,58,88.0,56498.0,111.0,1.0,1,1,0.0,0.0
tt0061452,350,Casino Royale,1967.0,26,38,35.0,33148.0,150.0,0.0,0,1,0.0,19.0
tt0061512,4631,Cool Hand Luke,1967.0,100,49,95.0,63597.0,126.0,1.0,1,1,0.0,1.0
tt0061619,5617,El Dorado,1967.0,100,21,87.0,12662.0,126.0,1.0,0,1,1.0,0.0
tt0061791,7555,How to Succeed in Business Without Really Trying,1967.0,92,12,82.0,4368.0,121.0,1.0,0,1,0.0,0.0
tt0061796,7593,Hurry Sundown,1967.0,25,8,30.0,140.0,146.0,0.0,0,1,0.0,0.0
tt0062138,645,Point Blank,1967.0,94,35,84.0,7600.0,92.0,1.0,0,2,0.0,0.0
tt0062229,8808,Le samouraï,,100,30,94.0,14181.0,103.0,1.0,0,1,,2.0
tt0062467,15937,Wait Until Dark,1967.0,95,20,91.0,17063.0,108.0,1.0,0,1,0.0,0.0
tt0062844,4807,Custer of the West,1967.0,25,8,32.0,818.0,120.0,0.0,0,1,0.0,20.0
tt0062898,5301,Doctor Faustus,1968.0,10,10,30.0,1519.0,92.0,0.0,0,1,1.0,1.0
tt0062952,5895,Faces,1968.0,87,23,88.0,5612.0,129.0,1.0,0,1,0.0,1.0
tt0062979,6180,Flesh,,67,9,51.0,2221.0,90.0,0.0,0,1,,1.0
tt0062994,6463,Funny Girl,1968.0,93,44,85.0,19848.0,155.0,1.0,1,1,0.0,4.0
tt0063050,7174,The Heart Is a Lonely Hunter,1968.0,100,8,86.0,928.0,123.0,1.0,0,1,0.0,0.0
tt0063374,623,The Odd Couple,1968.0,100,34,89.0,31369.0,105.0,1.0,0,1,0.0,0.0
tt0063456,11354,Pretty Poison,1968.0,100,6,71.0,956.0,89.0,1.0,0,1,0.0,0.0
tt0063483,11538,"Rachel, Rachel",1968.0,86,7,77.0,486.0,102.0,1.0,0,1,0.0,1.0
tt0063518,687,Romeo and Juliet,1968.0,94,36,74.0,65168.0,138.0,1.0,0,1,0.0,0.0
tt0064276,5557,Easy Rider,1969.0,88,48,82.0,58671.0,95.0,1.0,1,1,0.0,0.0
tt0064393,6906,The Green Slime,1969.0,20,10,41.0,985.0,90.0,0.0,0,1,1.0,0.0
tt0064866,3950,Burn!,1969.0,85,13,82.0,1585.0,112.0,1.0,0,1,0.0,20.0
tt0065234,16598,Z,1969.0,93,42,93.0,6506.0,128.0,1.0,1,1,0.0,1.0
tt0065528,4147,Catch-22,1970.0,79,28,76.0,10528.0,122.0,1.0,0,1,0.0,0.0
tt0065531,8800,Le Cercle Rouge,1970.0,95,59,92.0,6864.0,100.0,1.0,1,1,0.0,40.0
tt0065724,6157,Five Easy Pieces,1970.0,88,50,84.0,13123.0,98.0,1.0,1,1,0.0,0.0
tt0065851,14265,The Horror of Frankenstein,1971.0,55,11,42.0,2303.0,93.0,0.0,0,1,1.0,2.0
tt0066319,12061,Ryan's Daughter,1970.0,47,17,73.0,2737.0,174.0,0.0,0,1,0.0,32.0
tt0066473,15385,Tora! Tora! Tora!,1970.0,55,29,81.0,15452.0,144.0,0.0,0,1,0.0,0.0
tt0066491,15505,Tristana,1970.0,97,29,83.0,3217.0,98.0,1.0,0,1,0.0,1.0
tt0066492,15509,Trog,1970.0,14,7,25.0,511.0,91.0,0.0,0,1,0.0,2.0
tt0066819,3222,The Beguiled,1971.0,88,17,71.0,5642.0,105.0,1.0,0,1,0.0,0.0
tt0066856,3710,Born to Win,1971.0,33,6,32.0,875.0,90.0,0.0,0,1,0.0,2.0
tt0067093,6048,Fiddler on the Roof,1971.0,83,40,92.0,52510.0,179.0,1.0,1,1,0.0,2.0
tt0067116,6381,The French Connection,1971.0,98,56,87.0,44226.0,104.0,1.0,1,1,0.0,0.0
tt0067372,9335,Macbeth,1971.0,86,29,73.0,8864.0,140.0,1.0,0,1,0.0,0.0
tt0068240,2894,Avanti!,1972.0,88,16,76.0,3295.0,143.0,1.0,0,1,0.0,1.0
tt0068326,3983,Butterflies Are Free,1972.0,67,12,81.0,3662.0,109.0,0.0,0,1,0.0,0.0
tt0068370,4301,Children Shouldn't Play with Dead Things,1973.0,42,12,40.0,6486.0,85.0,0.0,0,1,1.0,2.0
tt0068379,4368,Ciao! Manhattan,1972.0,64,11,64.0,1358.0,84.0,0.0,0,1,0.0,0.0
tt0068611,6385,Frenzy,1972.0,87,31,77.0,12591.0,116.0,1.0,0,1,0.0,0.0
tt0068646,6703,The Godfather,1972.0,98,91,98.0,732931.0,175.0,1.0,1,1,0.0,0.0
tt0068732,7770,Images,1972.0,75,12,72.0,1701.0,100.0,1.0,0,1,0.0,4.0
tt0069005,10439,Night of the Lepus,1972.0,8,12,27.0,2997.0,90.0,0.0,0,1,0.0,2.0
tt0069097,11227,"Play It Again, Sam",1972.0,97,34,89.0,11190.0,84.0,1.0,0,1,0.0,1.0
tt0069449,15755,Up the Sandbox,1972.0,60,5,48.0,1299.0,100.0,0.0,0,1,0.0,3.0
tt0069762,2993,Badlands,1974.0,98,55,90.0,26280.0,95.0,1.0,1,1,1.0,1.0
tt0069865,4223,Charley Varrick,1973.0,88,8,82.0,3135.0,111.0,1.0,0,1,0.0,0.0
tt0069947,4949,The Day of the Jackal,1973.0,91,22,88.0,8934.0,142.0,1.0,0,1,0.0,1.0
tt0069995,5359,Don't Look Now,1973.0,97,67,77.0,18721.0,110.0,1.0,1,1,0.0,0.0
tt0070077,1728,The Friends of Eddie Coyle,1973.0,100,25,88.0,1411.0,102.0,1.0,0,1,0.0,0.0
tt0070509,10932,The Paper Chase,1973.0,85,27,72.0,4501.0,111.0,1.0,0,1,0.0,2.0
tt0070544,5947,Fantastic Planet,1973.0,90,29,87.0,9143.0,75.0,1.0,0,1,0.0,3.0
tt0070666,12318,Serpico,1973.0,90,39,88.0,53649.0,129.0,1.0,0,1,0.0,1.0
tt0070679,12392,Shaft in Africa,1973.0,60,10,52.0,3219.0,112.0,0.0,0,1,0.0,0.0
tt0070735,735,The Sting,1973.0,93,59,95.0,61635.0,129.0,1.0,1,1,0.0,0.0
tt0070903,16041,The Way We Were,1973.0,65,26,82.0,21448.0,118.0,0.0,0,1,0.0,0.0
tt0070917,15069,The Wicker Man,1973.0,88,52,82.0,43147.0,88.0,1.0,1,1,0.0,0.0
tt0071216,3360,Big Bad Mama,1974.0,71,14,42.0,4321.0,83.0,0.0,0,1,0.0,1.0
tt0071222,311,Black Christmas,1974.0,71,31,75.0,22965.0,93.0,0.0,0,1,0.0,5.0
tt0071230,3533,Blazing Saddles,1974.0,91,54,91.0,218254.0,93.0,1.0,1,1,0.0,0.0
tt0071359,7781,Immoral Tales,,43,7,40.0,753.0,105.0,0.0,0,1,,2.0
tt0071455,5544,Earthquake,1974.0,38,24,35.0,8267.0,122.0,0.0,0,1,0.0,0.0
tt0071532,450,The Gambler,1974.0,78,9,77.0,1233.0,109.0,1.0,0,1,0.0,2.0
tt0071853,9979,Monty Python and the Holy Grail,1975.0,97,74,95.0,644462.0,92.0,1.0,1,1,0.0,1.0
tt0072750,336,Bug,1975.0,29,7,25.0,1995.0,99.0,0.0,0,1,0.0,0.0
tt0072890,5304,Dog Day Afternoon,1975.0,95,42,90.0,110058.0,150.0,1.0,1,1,0.0,25.0
tt0072973,426,"Farewell, My Lovely",1975.0,80,20,74.0,1461.0,97.0,1.0,0,1,0.0,2.0
tt0072976,6309,Fox and His Friends,1975.0,84,19,88.0,2385.0,123.0,1.0,0,1,0.0,0.0
tt0072979,6033,Female Trouble,1974.0,88,25,85.0,7369.0,95.0,1.0,0,1,0.0,6.0
tt0073008,6292,The Fortune,1975.0,20,5,35.0,443.0,88.0,0.0,0,1,0.0,0.0
tt0073115,13629,The Story of O,1975.0,38,8,44.0,1352.0,112.0,0.0,0,1,0.0,7.0
tt0073312,9225,Love and Death,1975.0,100,20,90.0,19027.0,85.0,1.0,0,1,0.0,0.0
tt0073424,10022,Mother Kusters Goes to Heaven,1975.0,100,8,88.0,606.0,105.0,1.0,0,1,0.0,15.0
tt0073502,10885,Overlord,1975.0,89,19,72.0,1338.0,85.0,1.0,0,1,0.0,2.0
tt0073629,11931,The Rocky Horror Picture Show,1975.0,80,41,85.0,366265.0,100.0,1.0,1,1,0.0,0.0
tt0074157,2850,At the Earth's Core,1976.0,25,8,35.0,2854.0,89.0,0.0,0,1,0.0,0.0
tt0074412,5253,Disco Godfather,1979.0,83,6,50.0,2329.0,93.0,1.0,0,1,0.0,0.0
tt0074486,5738,Eraserhead,1977.0,90,58,83.0,57378.0,89.0,1.0,1,1,0.0,0.0
tt0074554,6431,The Front,1976.0,73,22,74.0,4371.0,94.0,0.0,0,1,0.0,1.0
tt0074593,464,Grizzly,1976.0,44,9,29.0,1777.0,90.0,0.0,0,1,0.0,1.0
tt0074695,4751,Cross of Iron,1977.0,75,16,87.0,7535.0,130.0,1.0,0,1,0.0,2.0
tt0074749,8483,The Killing of a Chinese Bookie,1976.0,81,27,83.0,4712.0,109.0,1.0,0,1,0.0,26.0
tt0074751,539,King Kong,1976.0,53,38,31.0,57583.0,134.0,0.0,0,1,0.0,0.0
tt0074860,9520,Marathon Man,1976.0,80,40,81.0,22532.0,125.0,1.0,0,1,0.0,0.0
tt0074937,10142,Murder by Death,1976.0,63,19,83.0,13084.0,95.0,0.0,0,1,0.0,0.0
tt0075334,15331,To The Devil A Daughter,1976.0,40,10,38.0,2197.0,92.0,0.0,0,1,0.0,3.0
tt0075648,2355,Airport '77,1977.0,33,9,32.0,8504.0,114.0,0.0,0,1,0.0,0.0
tt0075686,2683,Annie Hall,1977.0,97,75,92.0,153566.0,93.0,1.0,1,1,0.0,0.0
tt0075936,5138,Desperate Living,1977.0,70,10,80.0,5074.0,90.0,0.0,0,1,0.0,0.0
tt0076009,5853,Exorcist II: The Heretic,1977.0,15,27,13.0,36440.0,118.0,0.0,0,1,0.0,1.0
tt0076740,720,Sorcerer,1977.0,79,39,83.0,3773.0,121.0,1.0,0,1,0.0,0.0
tt0077234,308,The Big Sleep,,67,6,26.0,1460.0,99.0,0.0,0,1,,0.0
tt0077248,3602,Blue Collar,1978.0,100,9,89.0,3268.0,114.0,1.0,0,1,0.0,0.0
tt0077372,4658,Corvette Summer,1978.0,50,8,43.0,3949.0,105.0,0.0,0,1,0.0,0.0
tt0077405,4963,Days of Heaven,1978.0,92,52,89.0,16243.0,93.0,1.0,1,1,0.0,1.0
tt0077416,13963,The Deer Hunter,1978.0,94,68,92.0,103330.0,183.0,1.0,1,1,0.0,0.0
tt0077651,470,Halloween,1978.0,96,68,89.0,302801.0,93.0,1.0,1,1,0.0,2.0
tt0077745,513,Invasion of the Body Snatchers,1978.0,93,57,81.0,35345.0,115.0,1.0,1,1,0.0,0.0
tt0077766,8139,Jaws 2,1978.0,60,30,38.0,299584.0,116.0,0.0,0,1,0.0,0.0
tt0077904,9499,The Manitou,1978.0,33,9,35.0,901.0,104.0,0.0,0,1,0.0,0.0
tt0078087,641,Piranha,1978.0,72,25,41.0,12070.0,92.0,0.0,0,1,0.0,2.0
tt0078326,13147,Straight Time,1978.0,75,8,83.0,1990.0,114.0,1.0,0,1,0.0,0.0
tt0078718,2631,...And Justice for All,1979.0,81,27,80.0,19040.0,119.0,1.0,0,1,0.0,0.0
tt0078723,1847,1941,1979.0,39,23,48.0,24076.0,119.0,0.0,0,1,0.0,1.0
tt0078748,2393,Alien,1979.0,97,118,94.0,459198.0,117.0,1.0,1,1,0.0,0.0
tt0078788,2737,Apocalypse Now,1979.0,98,88,94.0,285747.0,153.0,1.0,1,1,0.0,6.0
tt0078872,3495,The Black Stallion,1979.0,89,28,83.0,32454.0,120.0,1.0,0,1,0.0,2.0
tt0078935,4057,Cannibal Holocaust,1979.0,65,17,62.0,25683.0,95.0,0.0,0,1,1.0,0.0
tt0079219,6743,Going in Style,,82,11,73.0,1360.0,90.0,1.0,0,1,,7.0
tt0079261,6997,Hair,1979.0,90,21,88.0,29912.0,122.0,1.0,0,1,0.0,1.0
tt0079510,574,The Main Event,1979.0,40,10,42.0,2361.0,110.0,0.0,0,1,0.0,2.0
tt0079522,9488,Manhattan,1979.0,95,65,92.0,51734.0,96.0,1.0,1,1,0.0,0.0
tt0079576,9993,More American Graffiti,1979.0,20,10,33.0,3937.0,111.0,0.0,0,1,0.0,1.0
tt0079596,10196,My Brilliant Career,1979.0,84,19,69.0,484.0,101.0,1.0,0,1,0.0,1.0
tt0079944,925,Stalker,1979.0,100,37,93.0,25231.0,160.0,1.0,0,1,0.0,2.0
tt0080100,15026,The Visitor,1979.0,82,17,43.0,442.0,108.0,1.0,0,1,0.0,0.0
tt0080117,15037,The Wanderers,1979.0,89,18,87.0,7090.0,113.0,1.0,0,1,0.0,1.0
tt0080120,787,The Warriors,1979.0,89,38,88.0,76029.0,93.0,1.0,0,1,0.0,1.0
tt0080421,3106,Battle Beyond the Stars,1980.0,45,11,42.0,2203.0,105.0,0.0,0,1,0.0,1.0
tt0080437,3392,The Big Red One,1980.0,90,48,78.0,9038.0,113.0,1.0,1,1,0.0,0.0
tt0080455,3624,The Blues Brothers,1980.0,84,55,92.0,255830.0,133.0,1.0,1,1,0.0,0.0
tt0080492,4065,Can't Stop the Music,1980.0,7,14,38.0,3079.0,120.0,0.0,0,1,0.0,4.0
tt0080707,5866,The Exterminator,1980.0,36,11,40.0,2105.0,101.0,0.0,0,1,0.0,3.0
tt0080934,515,The Island,1980.0,40,5,51.0,7399.0,111.0,0.0,0,1,0.0,2.0
tt0080979,8377,Kagemusha,1980.0,88,24,92.0,12377.0,179.0,1.0,0,1,0.0,1.0
tt0081031,8727,The Last Flight of Noah's Ark,1980.0,40,5,42.0,1504.0,97.0,0.0,0,1,0.0,0.0
tt0081353,648,Popeye,1980.0,60,30,38.0,56116.0,114.0,0.0,0,1,0.0,0.0
tt0081400,11565,Raise the Titanic,1980.0,43,7,28.0,7041.0,112.0,0.0,0,1,0.0,3.0
tt0081554,13023,Stardust Memories,1980.0,68,28,79.0,9042.0,88.0,0.0,0,1,0.0,1.0
tt0082146,4175,Caveman,1981.0,22,18,54.0,9529.0,91.0,0.0,0,1,0.0,0.0
tt0082158,4222,Chariots of Fire,1981.0,84,68,80.0,37110.0,124.0,1.0,1,1,0.0,1.0
tt0082348,5837,Excalibur,1981.0,79,43,80.0,50075.0,140.0,1.0,1,1,0.0,0.0
tt0082427,14126,The Funhouse,1981.0,67,18,38.0,7287.0,96.0,0.0,0,1,0.0,0.0
tt0082432,449,Gallipoli,1981.0,91,44,83.0,23078.0,110.0,1.0,1,1,0.0,0.0
tt0082511,7228,Hell Night,1981.0,56,9,45.0,4926.0,101.0,0.0,0,1,0.0,0.0
tt0082696,9379,Madman,1981.0,33,9,36.0,2194.0,88.0,0.0,0,1,0.0,0.0
tt0082700,4056,Cannibal Ferox,1981.0,40,5,44.0,5836.0,93.0,0.0,0,1,0.0,0.0
tt0082801,611,Neighbors,1981.0,63,8,49.0,5909.0,95.0,0.0,0,1,0.0,1.0
tt0082945,11378,Prince of the City,1981.0,91,23,82.0,1289.0,168.0,1.0,0,1,0.0,1.0
tt0082979,11682,Reds,1981.0,90,41,82.0,8959.0,195.0,1.0,1,1,0.0,0.0
tt0083006,11953,Rollover,1981.0,75,8,33.0,379.0,118.0,1.0,0,1,0.0,2.0
tt0083190,760,Thief,1981.0,93,30,81.0,7192.0,122.0,1.0,0,1,0.0,1.0
tt0083590,2860,The Atomic Cafe,1982.0,96,26,86.0,2515.0,88.0,1.0,0,1,0.0,2.0
tt0083702,3945,Burden of Dreams,1982.0,94,17,91.0,3479.0,94.0,1.0,0,1,0.0,1.0
tt0083833,5224,Diner,1982.0,92,38,77.0,9479.0,110.0,1.0,0,1,0.0,0.0
tt0083907,13594,The Evil Dead,1981.0,95,60,84.0,202565.0,85.0,1.0,1,1,0.0,0.0
tt0084237,8760,The Last Unicorn,1982.0,71,21,86.0,54572.0,84.0,0.0,0,1,0.0,8.0
tt0084370,10218,My Favorite Year,1982.0,96,24,84.0,4804.0,92.0,1.0,0,1,0.0,0.0
tt0084516,647,Poltergeist,1982.0,85,61,78.0,182197.0,114.0,1.0,1,1,0.0,0.0
tt0084684,12556,Silent Rage,1982.0,80,5,38.0,4634.0,91.0,1.0,0,1,0.0,9.0
tt0084809,15412,The Toy,1982.0,9,11,53.0,16450.0,102.0,0.0,0,1,0.0,0.0
tt0084865,15865,Victor Victoria,1982.0,97,30,86.0,16458.0,133.0,1.0,0,1,0.0,1.0
tt0084899,16228,White Dog,1982.0,92,13,73.0,2309.0,90.0,1.0,0,1,0.0,0.0
tt0085180,8703,L'Argent,1983.0,96,27,82.0,2960.0,84.0,1.0,0,1,0.0,1.0
tt0085244,3367,The Big Chill,1983.0,68,37,77.0,22264.0,103.0,0.0,0,1,0.0,2.0
tt0085384,4803,Curse of the Pink Panther,1983.0,29,14,25.0,1922.0,110.0,0.0,0,1,0.0,1.0
tt0085387,4967,D.C. Cab,1983.0,17,6,53.0,5121.0,100.0,0.0,0,1,0.0,0.0
tt0085461,5460,The Dresser,1983.0,100,14,87.0,1796.0,118.0,1.0,0,1,0.0,0.0
tt0085780,8402,The Keep,1983.0,40,15,43.0,3544.0,96.0,0.0,0,1,0.0,0.0
tt0085794,540,The King of Comedy,1983.0,88,58,90.0,26880.0,109.0,1.0,1,1,1.0,0.0
tt0085933,9746,"Merry Christmas, Mr. Lawrence",1983.0,80,20,79.0,6515.0,145.0,1.0,0,1,0.0,22.0
tt0085995,10324,National Lampoon's Vacation,1983.0,93,43,85.0,113393.0,98.0,1.0,1,1,0.0,0.0
tt0086005,10366,Never Cry Wolf,1983.0,100,18,84.0,5149.0,105.0,1.0,0,1,0.0,0.0
tt0086058,10817,The Osterman Weekend,1983.0,44,16,37.0,3173.0,102.0,0.0,0,1,0.0,1.0
tt0086066,10874,The Outsiders,1983.0,64,39,82.0,138293.0,92.0,0.0,0,1,0.0,1.0
tt0086087,11036,Pauline At The Beach,1983.0,91,11,85.0,2546.0,95.0,1.0,0,1,0.0,0.0
tt0086112,642,The Pirates of Penzance,1983.0,81,16,84.0,8471.0,112.0,1.0,0,1,0.0,0.0
tt0086216,12018,Rumble Fish,1983.0,70,30,80.0,23454.0,95.0,0.0,0,1,0.0,1.0
tt0086250,12188,Scarface,1983.0,81,69,94.0,488251.0,170.0,1.0,1,1,0.0,0.0
tt0086346,12879,Spacehunter: Adventures in the Forbidden Zone,1983.0,18,11,37.0,3130.0,90.0,0.0,0,1,0.0,0.0
tt0086361,13058,Staying Alive,1983.0,0,25,39.0,17932.0,93.0,0.0,0,1,0.0,0.0
tt0086370,13113,The Sting II,1983.0,0,7,28.0,1400.0,101.0,0.0,0,1,0.0,0.0
tt0086423,13520,Tender Mercies,1983.0,83,23,82.0,3601.0,89.0,1.0,0,1,0.0,3.0
tt0086425,13532,Terms of Endearment,1983.0,84,45,84.0,36274.0,132.0,1.0,1,1,0.0,0.0
tt0086465,15431,Trading Places,1983.0,87,45,84.0,87573.0,118.0,1.0,1,1,0.0,2.0
tt0086987,3657,Bolero,1984.0,0,17,17.0,1498.0,106.0,0.0,0,1,0.0,1.0
tt0087003,3856,Broadway Danny Rose,1984.0,100,28,84.0,9492.0,86.0,1.0,0,1,0.0,2.0
tt0087032,4059,Cannonball Run II,1984.0,13,16,46.0,20518.0,108.0,0.0,0,1,0.0,0.0
tt0087414,485,The Hit,1984.0,85,13,75.0,2189.0,97.0,1.0,0,1,0.0,1.0
tt0087469,7883,Indiana Jones and the Temple of Doom,1984.0,85,66,81.0,716416.0,118.0,1.0,1,1,0.0,0.0
tt0087589,8710,Lassiter,1984.0,71,7,32.0,303.0,100.0,0.0,0,1,0.0,0.0
tt0087644,9269,Love Streams,1984.0,100,16,89.0,1754.0,141.0,1.0,0,1,0.0,0.0
tt0087800,10463,A Nightmare on Elm Street,1984.0,94,52,83.0,415210.0,91.0,1.0,1,1,0.0,0.0
tt0087803,1849,1984,1984.0,79,24,71.0,56091.0,120.0,1.0,0,1,0.0,7.0
tt0087843,10713,Once Upon a Time in America,1984.0,86,51,93.0,74791.0,144.0,1.0,1,1,0.0,85.0
tt0087884,10977,"Paris, Texas",1984.0,97,31,94.0,24214.0,145.0,1.0,0,1,0.0,0.0
tt0087892,10988,A Passage to India,1984.0,83,23,78.0,6925.0,164.0,1.0,0,1,0.0,0.0
tt0087921,11213,Places in the Heart,1984.0,93,28,83.0,6730.0,113.0,1.0,0,1,0.0,2.0
tt0088074,12254,Secret Honor,1984.0,77,13,79.0,2008.0,90.0,1.0,0,1,0.0,0.0
tt0088146,12752,A Soldier's Story,1984.0,90,20,82.0,6496.0,101.0,1.0,0,1,0.0,0.0
tt0088213,13360,Swing Shift,1984.0,92,13,42.0,3372.0,100.0,1.0,0,1,0.0,0.0
tt0088247,13526,The Terminator,1984.0,100,61,89.0,775856.0,108.0,1.0,1,1,0.0,1.0
tt0088286,771,Top Secret!,1984.0,77,35,80.0,41564.0,90.0,1.0,0,1,0.0,0.0
tt0088757,292,Avenging Angel,,33,6,26.0,1541.0,94.0,0.0,0,1,,1.0
tt0088760,2937,Baby: Secret of the Lost Legend,1985.0,13,16,38.0,6490.0,95.0,0.0,0,1,0.0,0.0
tt0088763,2952,Back to the Future,1985.0,96,78,94.0,1094056.0,116.0,1.0,1,1,0.0,0.0
tt0088847,3785,The Breakfast Club,1985.0,89,62,92.0,556288.0,97.0,1.0,1,1,0.0,0.0
tt0088939,4541,The Color Purple,1985.0,80,30,94.0,180804.0,154.0,1.0,0,1,0.0,0.0
tt0088993,385,Day of the Dead,1985.0,83,36,75.0,64488.0,96.0,1.0,0,1,0.0,5.0
tt0089420,8498,King David,1985.0,8,12,42.0,2163.0,114.0,0.0,0,1,0.0,0.0
tt0089603,9869,Mishima: A Life in Four Chapters,1985.0,89,27,91.0,3214.0,120.0,1.0,0,1,0.0,0.0
tt0089686,2102,A Nightmare on Elm Street 2: Freddy's Revenge,1985.0,41,27,33.0,321252.0,90.0,0.0,0,1,0.0,3.0
tt0089755,10848,Out of Africa,1985.0,60,48,83.0,40245.0,161.0,0.0,0,1,0.0,0.0
tt0089798,11081,Perfect,1985.0,19,16,28.0,5792.0,120.0,0.0,0,1,0.0,5.0
tt0089853,11471,The Purple Rose of Cairo,1985.0,91,35,88.0,20312.0,82.0,1.0,0,1,0.0,0.0
tt0089893,676,Red Sonja,1985.0,15,26,28.0,35204.0,89.0,0.0,0,1,0.0,0.0
tt0089941,12034,Runaway Train,1985.0,85,33,76.0,8160.0,110.0,1.0,0,1,0.0,1.0
tt0090073,13102,Stick,1985.0,29,7,39.0,378.0,109.0,0.0,0,1,0.0,0.0
tt0090196,15464,Transylvania 6-5000,1985.0,20,10,42.0,7630.0,93.0,0.0,0,1,0.0,0.0
tt0090859,4488,Cobra,1986.0,14,21,42.0,44048.0,87.0,0.0,0,1,0.0,0.0
tt0090888,378,Crossroads,1986.0,73,15,82.0,10484.0,99.0,0.0,0,1,0.0,0.0
tt0091055,6123,Firewalker,1986.0,8,12,32.0,7132.0,106.0,0.0,0,1,0.0,1.0
tt0091064,435,The Fly,1986.0,92,60,83.0,89820.0,96.0,1.0,1,1,0.0,0.0
tt0091149,13601,The Great Mouse Detective,1986.0,82,17,79.0,58740.0,74.0,1.0,0,1,0.0,0.0
tt0091203,7332,Highlander,1986.0,69,35,79.0,135281.0,120.0,0.0,0,1,0.0,4.0
tt0091276,511,Invaders from Mars,1986.0,36,14,33.0,3501.0,102.0,0.0,0,1,0.0,2.0
tt0091278,7997,Iron Eagle,1986.0,20,5,56.0,21169.0,117.0,0.0,0,1,0.0,0.0
tt0091306,8316,Jumpin' Jack Flash,1986.0,29,21,58.0,46660.0,100.0,0.0,0,1,0.0,5.0
tt0091538,9936,Mona Lisa,1986.0,97,30,81.0,5705.0,104.0,1.0,0,1,0.0,0.0
tt0091653,10580,Nothing in Common,1986.0,57,23,40.0,6068.0,119.0,0.0,0,1,0.0,1.0
tt0091777,11272,Police Academy 3: Back in Training,1986.0,40,10,39.0,56350.0,84.0,0.0,0,1,0.0,1.0
tt0091814,11512,Quicksilver,1986.0,13,15,37.0,5007.0,105.0,0.0,0,1,0.0,0.0
tt0091886,12096,Salvador,1986.0,88,26,86.0,8505.0,123.0,1.0,0,1,0.0,1.0
tt0091969,12644,Slaughter High,1986.0,0,5,34.0,2551.0,90.0,0.0,0,1,0.0,0.0
tt0092048,13443,Tampopo,1985.0,100,53,93.0,9153.0,114.0,1.0,1,1,0.0,0.0
tt0092117,15532,True Stories,1986.0,76,21,83.0,5317.0,90.0,1.0,0,1,0.0,1.0
tt0092133,15679,Under the Cherry Moon,1986.0,34,35,67.0,5230.0,98.0,0.0,0,1,0.0,2.0
tt0092563,172,Angel Heart,1987.0,77,26,81.0,30038.0,113.0,1.0,0,1,0.0,0.0
tt0092580,2768,Aria,1988.0,50,12,47.0,2270.0,90.0,0.0,0,1,1.0,0.0
tt0092608,2951,Back to the Beach,1987.0,71,14,63.0,8035.0,92.0,0.0,0,1,0.0,0.0
tt0092618,3050,Barfly,1987.0,74,19,82.0,7675.0,100.0,0.0,0,1,0.0,0.0
tt0093036,6206,Flowers in the Attic,1987.0,13,8,51.0,16698.0,93.0,0.0,0,2,0.0,0.0
tt0093146,7082,Hard Ticket to Hawaii,,17,6,45.0,1253.0,100.0,0.0,0,1,,4.0
tt0093164,478,Heat,1986.0,20,5,29.0,158.0,103.0,0.0,0,1,0.0,2.0
tt0093175,7239,Hello Again,1987.0,11,19,50.0,5899.0,96.0,0.0,0,1,0.0,0.0
tt0093191,16358,Wings of Desire,1987.0,98,53,94.0,34060.0,130.0,1.0,1,1,0.0,2.0
tt0093223,7508,House of Games,1987.0,96,26,79.0,6478.0,102.0,1.0,0,1,0.0,0.0
tt0093405,8865,Leonard Part 6,1987.0,9,11,20.0,2563.0,85.0,0.0,0,1,0.0,0.0
tt0093412,8781,Law of Desire,1987.0,100,13,82.0,5959.0,100.0,1.0,0,1,0.0,2.0
tt0093493,580,Mannequin,1987.0,19,36,55.0,44704.0,90.0,0.0,0,1,0.0,0.0
tt0093640,620,No Way Out,1987.0,91,43,72.0,20733.0,114.0,1.0,1,1,0.0,0.0
tt0093756,11273,Police Academy 4 - Citizens on Patrol,1987.0,0,20,38.0,56158.0,87.0,0.0,0,1,0.0,1.0
tt0093870,684,RoboCop,1987.0,89,64,84.0,226227.0,103.0,1.0,1,1,0.0,1.0
tt0093986,12637,Slam Dance,1987.0,20,5,55.0,953.0,99.0,0.0,0,1,0.0,7.0
tt0094021,725,The Squeeze,1987.0,17,6,29.0,346.0,101.0,0.0,0,1,0.0,0.0
tt0094077,13310,Surf Nazis Must Die,1987.0,20,5,31.0,5001.0,83.0,0.0,0,1,0.0,0.0
tt0094138,15237,Three O'Clock High,1987.0,67,12,73.0,6042.0,90.0,0.0,0,1,0.0,7.0
tt0094226,15745,The Untouchables,1987.0,82,60,89.0,217507.0,119.0,1.0,1,1,0.0,0.0
tt0094291,15975,Wall Street,1987.0,78,51,81.0,50591.0,126.0,1.0,1,1,0.0,0.0
tt0094593,1843,18 Again!,1988.0,29,7,46.0,9322.0,100.0,0.0,0,1,0.0,7.0
tt0094737,3356,Big,1988.0,97,74,82.0,401831.0,98.0,1.0,1,1,0.0,6.0
tt0094824,4004,Caddyshack II,1988.0,4,24,18.0,27404.0,97.0,0.0,0,1,0.0,1.0
tt0094828,4035,Camille Claudel,1988.0,100,11,88.0,5068.0,173.0,1.0,0,1,0.0,2.0
tt0094889,4492,Cocktail,1988.0,5,43,58.0,106998.0,103.0,0.0,0,1,0.0,1.0
tt0094890,4497,Cocoon: The Return,1988.0,33,12,35.0,19482.0,116.0,0.0,0,1,0.0,0.0
tt0095082,5601,Eight Men Out,1988.0,86,50,79.0,12664.0,121.0,1.0,1,1,0.0,2.0
tt0095179,6401,Friday the 13th Part VII - The New Blood,1988.0,32,22,37.0,60507.0,88.0,0.0,0,1,0.0,0.0
tt0095296,7287,Hero and the Terror,1988.0,0,6,37.0,4174.0,96.0,0.0,0,1,0.0,0.0
tt0095409,8244,Johnny Be Good,1988.0,0,15,30.0,7454.0,91.0,0.0,0,1,0.0,0.0
tt0095497,8755,The Last Temptation of Christ,1988.0,80,55,84.0,35845.0,164.0,1.0,1,1,0.0,0.0
tt0095665,10084,Mr. North,1988.0,43,7,46.0,211.0,90.0,0.0,0,1,0.0,3.0
tt0095687,10256,My Stepmother Is an Alien,1988.0,19,16,30.0,37908.0,107.0,0.0,0,1,0.0,2.0
tt0095705,14594,The Naked Gun: From the Files of Police Squad!,1988.0,87,54,84.0,176704.0,85.0,1.0,1,1,0.0,0.0
tt0095801,2994,Bagdad Cafe,1988.0,85,20,88.0,7373.0,91.0,1.0,0,1,1.0,4.0
tt0095889,11284,Poltergeist III,,18,17,22.0,17713.0,98.0,0.0,0,1,,0.0
tt0095895,11316,Powaqqatsi,1988.0,56,9,81.0,5130.0,95.0,0.0,0,1,0.0,4.0
tt0095924,666,Pulse,1988.0,62,13,30.0,2715.0,91.0,0.0,0,1,0.0,0.0
tt0095953,11559,Rain Man,1988.0,90,77,90.0,313931.0,133.0,1.0,1,1,0.0,0.0
tt0095956,11577,Rambo III,1988.0,38,34,45.0,77289.0,102.0,0.0,0,1,0.0,0.0
tt0095989,11766,Return of the Killer Tomatoes!,1988.0,0,5,49.0,8219.0,99.0,0.0,0,1,0.0,1.0
tt0096018,12040,Running on Empty,1988.0,85,13,68.0,10433.0,118.0,1.0,0,1,0.0,2.0
tt0096046,12186,Scarecrows,1988.0,44,9,37.0,1197.0,80.0,0.0,0,1,0.0,3.0
tt0096073,12342,The Seventh Sign,1988.0,15,20,50.0,16627.0,97.0,0.0,0,1,0.0,0.0
tt0096094,12460,She's Having a Baby,1988.0,40,40,52.0,12064.0,106.0,0.0,0,1,0.0,0.0
tt0096219,13432,Talk Radio,1988.0,82,49,81.0,6751.0,109.0,1.0,1,1,0.0,1.0
tt0096223,13456,Tapeheads,1988.0,60,15,46.0,4475.0,93.0,0.0,0,1,0.0,0.0
tt0096256,15146,They Live,1988.0,86,63,79.0,38986.0,97.0,1.0,1,1,0.0,3.0
tt0096321,1056,Twister,1996.0,57,54,58.0,894092.0,113.0,0.0,0,1,1.0,20.0
tt0096328,15635,U2: Rattle and Hum,1988.0,62,13,86.0,761.0,98.0,0.0,0,1,0.0,1.0
tt0096764,2266,The Adventures of Baron Munchausen,,92,51,82.0,36499.0,127.0,1.0,1,1,,1.0
tt0097216,5294,Do the Right Thing,1989.0,93,83,90.0,73511.0,120.0,1.0,1,1,0.0,0.0
tt0097257,5540,Earth Girls Are Easy,1989.0,67,33,42.0,40998.0,100.0,0.0,0,1,1.0,0.0
tt0097372,6245,For All Mankind,1989.0,94,17,91.0,1943.0,79.0,1.0,0,1,0.0,1.0
tt0097570,7801,In Country,1989.0,68,28,37.0,2649.0,120.0,0.0,0,1,0.0,0.0
tt0097613,8127,The January Man,1989.0,25,16,28.0,3650.0,97.0,0.0,0,1,0.0,0.0
tt0097722,8811,Lean on Me,1989.0,69,16,85.0,41433.0,109.0,0.0,0,1,0.0,1.0
tt0097757,14482,The Little Mermaid,1989.0,93,69,88.0,900112.0,85.0,1.0,1,1,0.0,2.0
tt0097815,9412,Major League,1989.0,83,40,84.0,91119.0,106.0,1.0,1,1,0.0,1.0
tt0097937,10233,My Left Foot,1989.0,97,36,92.0,26719.0,103.0,1.0,0,1,0.0,0.0
tt0097940,805,Mystery Train,1989.0,88,32,87.0,10556.0,115.0,1.0,0,1,0.0,5.0
tt0098022,10664,Old Gringo,1989.0,42,12,48.0,1049.0,119.0,0.0,0,1,0.0,0.0
tt0098258,12176,Say Anything...,1989.0,98,45,85.0,138688.0,100.0,1.0,1,1,0.0,0.0
tt0098347,12648,Slaves of New York,1989.0,13,8,70.0,877.0,125.0,0.0,0,1,0.0,1.0
tt0098356,12767,Some Girls,1988.0,50,6,42.0,894.0,104.0,0.0,0,1,0.0,10.0
tt0099073,828,Avalon,1990.0,83,24,78.0,3229.0,126.0,1.0,0,1,0.0,2.0
tt0099399,5102,Delta Force 2: The Colombian Connection,1990.0,11,9,40.0,9461.0,110.0,0.0,0,1,0.0,1.0
tt0099487,5596,Edward Scissorhands,1990.0,90,58,91.0,1032683.0,100.0,1.0,1,1,0.0,5.0
tt0099654,6585,Ghost Dad,1990.0,6,31,32.0,36548.0,84.0,0.0,0,1,0.0,1.0
tt0099739,7084,Hard to Kill,1990.0,33,12,47.0,44896.0,96.0,0.0,0,1,0.0,0.0
tt0099785,7401,Home Alone,1990.0,65,54,80.0,1026303.0,103.0,0.0,0,1,0.0,0.0
tt0099810,7587,The Hunt for Red October,1990.0,89,70,88.0,172547.0,135.0,1.0,1,1,0.0,0.0
tt0099832,503,Impulse,1990.0,25,8,17.0,76.0,109.0,0.0,0,1,0.0,0.0
tt0100046,830,The Long Walk Home,1990.0,87,15,84.0,5410.0,95.0,1.0,0,1,0.0,2.0
tt0100050,9142,"Look Who's Talking, Too",1990.0,13,15,32.0,196699.0,81.0,0.0,0,1,0.0,0.0
tt0100332,10973,Paris Is Burning,1991.0,100,25,89.0,4003.0,76.0,1.0,0,1,1.0,5.0
tt0100405,11355,Pretty Woman,1990.0,62,66,68.0,32709375.0,117.0,0.0,0,1,0.0,2.0
tt0100470,8275,Journey of Hope,1991.0,83,6,84.0,438.0,110.0,1.0,0,1,1.0,5.0
tt0100475,11725,Repossessed,1990.0,0,7,36.0,7281.0,89.0,0.0,0,1,0.0,9.0
tt0100502,11902,Robocop 2,1990.0,31,36,36.0,89928.0,117.0,0.0,0,1,0.0,0.0
tt0100514,829,The Rookie,1990.0,29,14,36.0,20580.0,121.0,0.0,0,1,0.0,1.0
tt0100814,15482,Tremors,1990.0,85,34,75.0,239952.0,96.0,1.0,0,1,0.0,0.0
tt0101453,3420,Billy Bathgate,1991.0,38,24,28.0,5889.0,107.0,0.0,0,1,0.0,1.0
tt0101492,896,Body Parts,1991.0,40,15,33.0,7000.0,88.0,0.0,0,1,0.0,0.0
tt0101507,3752,Boyz n the Hood,1991.0,96,69,93.0,144120.0,112.0,1.0,1,1,0.0,0.0
tt0101523,3980,The Butcher's Wife,1991.0,25,16,29.0,7624.0,104.0,0.0,0,1,0.0,3.0
tt0101615,4629,Cool as Ice,1991.0,7,15,44.0,4513.0,91.0,0.0,0,1,0.0,0.0
tt0101627,4737,Critters 3,1991.0,0,7,23.0,11839.0,86.0,0.0,0,1,0.0,0.0
tt0101698,5079,Defending Your Life,1991.0,97,32,83.0,9946.0,111.0,1.0,0,1,0.0,1.0
tt0101701,5091,Delirious,1991.0,44,9,40.0,3010.0,96.0,0.0,0,1,0.0,0.0
tt0101775,5475,Drop Dead Fred,1991.0,9,34,77.0,198476.0,103.0,0.0,0,1,0.0,0.0
tt0101921,6404,Fried Green Tomatoes,1991.0,74,42,91.0,134857.0,130.0,0.0,0,1,0.0,0.0
tt0102011,7157,"He Said, She Said",1991.0,33,15,34.0,7864.0,115.0,0.0,0,1,0.0,0.0
tt0102015,7186,Hearts of Darkness: A Filmmaker's Apocalypse,1991.0,100,25,94.0,9355.0,96.0,1.0,0,1,0.0,0.0
tt0102138,873,JFK,1991.0,84,62,88.0,62523.0,189.0,1.0,1,1,0.0,0.0
tt0102343,9262,Love Potion No. 9,1992.0,27,11,43.0,34297.0,96.0,0.0,0,1,0.0,4.0
tt0102388,874,The Man in the Moon,1991.0,90,20,85.0,33322.0,105.0,1.0,0,1,0.0,6.0
tt0102469,10007,Mortal Thoughts,1991.0,57,14,35.0,6515.0,102.0,0.0,0,1,0.0,1.0
tt0102721,11414,Proof,1991.0,94,16,80.0,5350.0,90.0,1.0,0,1,0.0,4.0
tt0102849,12200,Scenes from a Mall,1991.0,32,25,25.0,5063.0,87.0,0.0,0,1,0.0,2.0
tt0102943,12634,Slacker,1991.0,86,35,77.0,10296.0,105.0,1.0,0,1,1.0,8.0
tt0102996,13188,Strictly Business,1991.0,10,10,56.0,3476.0,83.0,0.0,0,1,0.0,1.0
tt0103184,15856,V.I. Warshawski,1991.0,21,24,22.0,5486.0,89.0,0.0,0,1,0.0,0.0
tt0103596,1922,3 Ninjas,1992.0,32,22,53.0,202483.0,84.0,0.0,0,1,0.0,0.0
tt0103671,2548,American Me,1992.0,78,9,90.0,10324.0,126.0,1.0,0,1,0.0,1.0
tt0103767,3034,Baraka,1993.0,81,26,96.0,21663.0,96.0,1.0,0,1,1.0,0.0
tt0103786,883,Beethoven,1992.0,33,27,35.0,432330.0,87.0,0.0,0,1,0.0,0.0
tt0103872,3760,Brain Donors,1992.0,45,11,86.0,4370.0,79.0,0.0,0,1,0.0,1.0
tt0103888,923,Brother's Keeper,1992.0,100,17,88.0,2114.0,104.0,1.0,0,1,0.0,0.0
tt0103939,4218,Chaplin,1992.0,60,50,81.0,25837.0,144.0,0.0,0,1,0.0,1.0
tt0103956,4307,Child's Play 3,1991.0,29,14,33.0,82562.0,90.0,0.0,0,1,0.0,0.0
tt0104187,5682,Encino Man,1992.0,15,34,56.0,124800.0,88.0,0.0,0,1,0.0,0.0
tt0104299,6376,Freejack,1992.0,18,17,25.0,14286.0,108.0,0.0,0,1,0.0,2.0
tt0104409,7251,Hellraiser III: Hell on Earth,1992.0,41,17,35.0,42548.0,98.0,0.0,0,1,0.0,1.0
tt0104438,7429,Honeymoon in Vegas,1992.0,63,32,35.0,28368.0,95.0,0.0,0,1,0.0,1.0
tt0104466,904,Husbands and Wives,1992.0,93,41,87.0,14147.0,108.0,1.0,1,1,0.0,0.0
tt0104756,9172,Lorenzo's Oil,1992.0,92,38,80.0,15245.0,136.0,1.0,0,1,0.0,7.0
tt0104797,912,Malcolm X,1992.0,88,57,91.0,56837.0,201.0,1.0,1,1,0.0,1.0
tt0104810,9511,Manufacturing Consent - Noam Chomsky and the Media,1993.0,86,7,94.0,3740.0,167.0,1.0,0,1,1.0,0.0
tt0105046,895,Of Mice and Men,1992.0,97,29,82.0,47824.0,110.0,1.0,0,1,0.0,5.0
tt0105104,10992,Passenger 57,1992.0,24,25,37.0,56252.0,84.0,0.0,0,1,0.0,0.0
tt0105477,13133,Stop! Or My Mom Will Shoot,1992.0,8,26,21.0,52906.0,88.0,0.0,0,1,0.0,1.0
tt0105488,938,Strictly Ballroom,1992.0,95,41,87.0,43298.0,94.0,1.0,1,1,0.0,0.0
tt0105616,15348,Tom and Jerry: The Movie,1992.0,14,14,40.0,11462.0,80.0,0.0,0,1,0.0,4.0
tt0105811,16220,Whispers in the Dark,1992.0,33,9,35.0,1141.0,103.0,0.0,0,1,0.0,0.0
tt0105871,16517,Year of the Comet,1992.0,0,10,48.0,245.0,135.0,0.0,0,1,0.0,44.0
tt0106379,3235,Being Human,1994.0,54,13,41.0,3224.0,122.0,0.0,0,1,0.0,0.0
tt0106455,919,Boiling Point,1993.0,18,11,21.0,10265.0,92.0,0.0,0,1,0.0,0.0
tt0106557,4298,Children of the Corn II: The Final Sacrifice,1993.0,22,9,20.0,10698.0,90.0,0.0,0,1,1.0,2.0
tt0106701,5115,Dennis the Menace,1993.0,27,26,38.0,256411.0,94.0,0.0,0,1,0.0,0.0
tt0106761,5381,Double Dragon,1994.0,13,15,26.0,29937.0,96.0,0.0,0,1,0.0,0.0
tt0106873,945,Fatal Instinct,1993.0,18,22,41.0,5613.0,89.0,0.0,0,1,0.0,2.0
tt0106877,5998,Father Hood,1993.0,10,20,34.0,9153.0,94.0,0.0,0,1,0.0,1.0
tt0106881,949,Fearless,1993.0,87,38,79.0,12352.0,122.0,1.0,0,1,0.0,0.0
tt0107107,7294,Hexed,,9,11,36.0,1254.0,90.0,0.0,0,1,,0.0
tt0107130,947,A Home of Our Own,1993.0,50,12,72.0,4777.0,105.0,0.0,0,1,0.0,1.0
tt0107207,7847,In the Name of the Father,1993.0,94,50,95.0,41268.0,133.0,1.0,1,1,0.0,0.0
tt0107282,8284,The Joy Luck Club,1993.0,86,36,89.0,27685.0,135.0,1.0,0,1,0.0,4.0
tt0107387,8868,Leprechaun,1993.0,23,13,32.0,43340.0,92.0,0.0,0,1,0.0,0.0
tt0107611,10075,Mr. Jones,1993.0,46,13,51.0,5179.0,114.0,0.0,0,1,0.0,0.0
tt0107719,13614,The Nutcracker,1993.0,50,8,62.0,3195.0,92.0,0.0,0,1,0.0,0.0
tt0107756,10808,Orlando,1993.0,84,56,82.0,8509.0,93.0,1.0,1,1,1.0,1.0
tt0107863,927,Posse,1993.0,29,17,47.0,6796.0,109.0,0.0,0,1,0.0,2.0
tt0108101,12386,Shadowlands,1993.0,97,30,89.0,10034.0,131.0,1.0,0,1,0.0,0.0
tt0108311,13512,The Temp,1993.0,29,21,16.0,1531.0,96.0,0.0,0,1,0.0,0.0
tt0108515,16002,The War Room,1993.0,95,22,83.0,2625.0,96.0,1.0,0,1,0.0,0.0
tt0108551,16163,What's Love Got To Do With It?,1993.0,96,53,88.0,52250.0,118.0,1.0,1,1,0.0,0.0
tt0108565,936,Wide Sargasso Sea,1993.0,56,16,37.0,1113.0,98.0,0.0,0,1,0.0,0.0
tt0108633,965,The Young Americans,1993.0,33,6,42.0,795.0,103.0,0.0,0,1,0.0,0.0
tt0109066,15912,Vive l'Amour,1994.0,83,6,84.0,1516.0,118.0,1.0,0,1,0.0,0.0
tt0109067,13670,The Air Up There,1994.0,21,28,35.0,19843.0,108.0,0.0,0,1,0.0,1.0
tt0109445,4447,Clerks,1994.0,88,52,89.0,285302.0,92.0,1.0,1,1,0.0,0.0
tt0109447,4451,Clifford,1994.0,10,30,67.0,8904.0,89.0,0.0,0,1,0.0,1.0
tt0109456,4539,Color of Night,1994.0,21,47,30.0,17073.0,121.0,0.0,0,1,0.0,0.0
tt0109480,4642,Cops And Robbersons,1994.0,14,21,22.0,8013.0,93.0,0.0,0,1,0.0,0.0
tt0109506,4761,The Crow,1994.0,82,55,90.0,377135.0,101.0,1.0,1,1,0.0,1.0
tt0109529,4854,Dance Me Outside,1994.0,69,13,91.0,4786.0,84.0,0.0,0,1,0.0,0.0
tt0109642,5320,Dolores Claiborne,1995.0,84,43,81.0,30229.0,131.0,1.0,1,1,0.0,1.0
tt0109676,5477,Drop Zone,1994.0,41,22,31.0,19253.0,101.0,0.0,0,1,0.0,0.0
tt0109686,5508,Dumb and Dumber,1994.0,67,52,84.0,1028126.0,107.0,0.0,0,1,0.0,0.0
tt0109783,6009,The Favor,1994.0,27,11,20.0,2298.0,97.0,0.0,0,1,0.0,0.0
tt0109830,6284,Forrest Gump,1994.0,72,98,95.0,1244237.0,142.0,0.0,0,1,0.0,0.0
tt0109835,6324,Frank & Jesse,1995.0,20,5,55.0,1374.0,106.0,0.0,0,1,1.0,1.0
tt0109959,958,Gunmen,1993.0,15,13,34.0,2099.0,90.0,0.0,0,1,0.0,4.0
tt0110146,7947,Intersection,1994.0,9,32,40.0,5885.0,98.0,0.0,0,1,0.0,0.0
tt0110308,14433,The Last Seduction,1994.0,94,51,76.0,6456.0,109.0,1.0,1,1,0.0,1.0
tt0110367,993,Little Women,1994.0,91,35,84.0,87471.0,118.0,1.0,0,1,0.0,3.0
tt0110442,9413,Major League II,1994.0,5,21,45.0,47061.0,105.0,0.0,0,1,0.0,0.0
tt0110538,9903,Mixed Nuts,1994.0,10,30,46.0,9710.0,97.0,0.0,0,1,0.0,0.0
tt0110632,10334,Natural Born Killers,1994.0,47,38,81.0,217286.0,119.0,0.0,0,1,0.0,1.0
tt0110657,10409,The Next Karate Kid,1994.0,7,27,24.0,60984.0,107.0,0.0,0,1,0.0,0.0
tt0111003,11464,The Puppet Masters,1994.0,26,23,32.0,7522.0,96.0,0.0,0,1,0.0,13.0
tt0111149,994,Shallow Grave,1995.0,69,48,83.0,39910.0,92.0,0.0,0,1,1.0,3.0
tt0111161,12434,The Shawshank Redemption,1994.0,90,71,98.0,885508.0,142.0,1.0,1,1,0.0,0.0
tt0111282,13025,Stargate,1994.0,51,45,73.0,192492.0,125.0,0.0,0,1,0.0,9.0
tt0111400,13525,Terminal Velocity,1994.0,20,25,22.0,12368.0,100.0,0.0,0,1,0.0,2.0
tt0111438,15297,Timecop,1994.0,45,42,36.0,57670.0,98.0,0.0,0,1,0.0,1.0
tt0111470,15429,Trading Mom,1994.0,38,8,57.0,1061.0,83.0,0.0,0,1,0.0,2.0
tt0111488,15492,Trial by Jury,1994.0,8,12,27.0,1145.0,108.0,0.0,0,1,0.0,1.0
tt0112342,2503,The Amazing Panda Adventure,1995.0,20,10,41.0,8897.0,93.0,0.0,0,1,0.0,9.0
tt0112373,2679,Anne Frank Remembered,1995.0,97,29,83.0,5074.0,117.0,1.0,0,1,0.0,0.0
tt0112438,1005,The Babysitter,1995.0,17,6,16.0,4842.0,90.0,0.0,0,1,0.0,0.0
tt0112499,3380,The Big Green,1995.0,0,5,46.0,36195.0,99.0,0.0,0,1,0.0,1.0
tt0112573,1018,Braveheart,1995.0,77,75,85.0,32708456.0,177.0,1.0,1,1,0.0,1.0
tt0112625,4052,Candyman: Farewell to the Flesh,1994.0,28,18,30.0,51567.0,94.0,0.0,0,1,1.0,1.0
tt0112740,4732,Crimson Tide,1995.0,88,48,83.0,61266.0,115.0,1.0,1,1,0.0,1.0
tt0112864,5209,Die Hard: With a Vengeance,1995.0,52,62,83.0,411459.0,128.0,0.0,0,1,0.0,0.0
tt0113189,6761,GoldenEye,1995.0,77,75,83.0,285429.0,130.0,1.0,1,1,0.0,0.0
tt0113442,1027,It Takes Two,1995.0,8,24,60.0,135195.0,101.0,0.0,0,1,0.0,0.0
tt0113492,8298,Judge Dredd,1995.0,17,52,30.0,132498.0,96.0,0.0,0,1,0.0,0.0
tt0113500,8330,Jury Duty,1995.0,0,12,26.0,14963.0,87.0,0.0,0,1,0.0,1.0
tt0113627,8827,Leaving Las Vegas,1995.0,90,52,85.0,56473.0,112.0,1.0,1,1,0.0,1.0
tt0113674,9074,Live Nude Girls,1995.0,38,8,39.0,1025.0,92.0,0.0,0,1,0.0,3.0
tt0113729,1010,Mad Love,1995.0,28,25,49.0,19977.0,105.0,0.0,0,1,0.0,12.0
tt0113749,9430,Mallrats,1995.0,56,45,82.0,220078.0,95.0,0.0,0,1,0.0,1.0
tt0113755,1003,Man of the House,1995.0,14,14,33.0,55679.0,97.0,0.0,0,1,0.0,1.0
tt0113808,9769,Miami Rhapsody,1995.0,45,20,26.0,4263.0,95.0,0.0,0,1,0.0,0.0
tt0113845,9945,Money Train,1995.0,22,32,29.0,50168.0,110.0,0.0,0,1,0.0,0.0
tt0113870,10144,Murder in the First,1994.0,50,36,80.0,21984.0,123.0,0.0,0,1,1.0,1.0
tt0113987,10480,Nixon,1995.0,74,62,74.0,12613.0,190.0,0.0,1,1,0.0,2.0
tt0114496,12791,Something to Talk About,1995.0,39,28,52.0,42007.0,106.0,0.0,0,1,0.0,0.0
tt0114508,12901,Species,1995.0,43,65,31.0,49588.0,108.0,0.0,0,1,0.0,0.0
tt0114709,15413,Toy Story,1995.0,100,88,92.0,1109209.0,80.0,1.0,1,1,0.0,1.0
tt0114781,15674,Under Siege 2: Dark Territory,1995.0,37,30,38.0,47490.0,102.0,0.0,0,1,0.0,2.0
tt0114787,1199,Underground,1995.0,86,35,96.0,20791.0,192.0,1.0,0,1,0.0,22.0
tt0115433,1089,101 Dalmatians,1996.0,42,36,40.0,625211.0,103.0,0.0,0,1,0.0,0.0
tt0115530,2520,American Buffalo,1996.0,74,27,46.0,2551.0,88.0,0.0,0,1,0.0,0.0
tt0115610,2979,Bad Moon,1996.0,38,8,45.0,5937.0,105.0,0.0,0,1,0.0,25.0
tt0115639,3163,Beautiful Girls,1996.0,79,47,81.0,22091.0,110.0,1.0,1,1,0.0,2.0
tt0115676,3365,Big Bully,1996.0,0,8,19.0,9755.0,93.0,0.0,0,1,0.0,3.0
tt0115736,3721,Bound,1996.0,88,43,83.0,33376.0,107.0,1.0,1,1,0.0,2.0
tt0115738,3731,Box of Moonlight,1997.0,61,18,81.0,3454.0,111.0,0.0,0,1,1.0,1.0
tt0115751,3796,Breaking the Waves,1996.0,85,59,91.0,31257.0,100.0,1.0,1,1,0.0,59.0
tt0115783,1082,Bulletproof,1996.0,8,39,44.0,74935.0,85.0,0.0,0,1,0.0,1.0
tt0115836,4113,Carpool,1996.0,13,23,39.0,8914.0,90.0,0.0,0,1,0.0,1.0
tt0115994,4794,Curdled,1996.0,17,12,57.0,1474.0,88.0,0.0,0,1,0.0,0.0
tt0116040,4956,Daylight,1996.0,25,40,37.0,53569.0,115.0,0.0,0,1,0.0,1.0
tt0116165,5573,Ed,1996.0,0,16,22.0,9327.0,95.0,0.0,0,1,0.0,1.0
tt0116209,5709,The English Patient,1996.0,84,85,83.0,81629.0,162.0,1.0,1,1,0.0,0.0
tt0116240,5788,The Evening Star,1996.0,22,27,63.0,5462.0,129.0,0.0,0,1,0.0,0.0
tt0116269,5911,Faithful,1996.0,7,15,49.0,1625.0,88.0,0.0,0,1,0.0,3.0
tt0116289,6027,Feeling Minnesota,1996.0,14,21,27.0,10789.0,95.0,0.0,0,1,0.0,4.0
tt0116293,6032,Female Perversions,1997.0,70,23,46.0,904.0,116.0,0.0,0,1,1.0,4.0
tt0116311,6131,First Kid,1996.0,23,13,32.0,35766.0,101.0,0.0,0,1,0.0,0.0
tt0116367,6418,From Dusk Till Dawn,1996.0,63,49,76.0,273624.0,107.0,0.0,0,1,0.0,1.0
tt0116514,7247,Hellraiser - Bloodline,1996.0,31,13,37.0,34972.0,85.0,0.0,0,1,0.0,0.0
tt0116705,8203,Jingle All the Way,1997.0,15,46,38.0,228470.0,88.0,0.0,0,1,1.0,1.0
tt0116756,8397,Kazaam,1996.0,6,36,20.0,40098.0,93.0,0.0,0,1,0.0,0.0
tt0116905,1088,Lone Star,1996.0,94,47,83.0,9738.0,134.0,1.0,1,1,0.0,1.0
tt0116922,9188,Lost Highway,1997.0,60,43,87.0,57773.0,135.0,0.0,0,1,0.0,1.0
tt0117002,9588,Mary Reilly,1996.0,26,43,40.0,20659.0,108.0,0.0,0,1,0.0,0.0
tt0117039,9775,Michael Collins,1996.0,77,47,84.0,21304.0,117.0,1.0,1,1,0.0,16.0
tt0117060,9886,Mission: Impossible,1996.0,63,57,71.0,867099.0,110.0,0.0,0,1,0.0,0.0
tt0117128,10272,Mystery Science Theater 3000: The Movie,1996.0,80,55,88.0,26925.0,75.0,1.0,1,1,0.0,2.0
tt0117260,10804,Original Gangstas,1996.0,53,15,47.0,2300.0,98.0,0.0,0,1,0.0,1.0
tt0117283,10916,The Pallbearer,1996.0,45,20,18.0,8318.0,97.0,0.0,0,1,0.0,1.0
tt0117318,11071,The People Vs. Larry Flynt,1996.0,89,54,80.0,44403.0,129.0,1.0,1,1,0.0,1.0
tt0117372,11327,The Preacher's Wife,1996.0,61,44,52.0,29393.0,124.0,0.0,0,1,0.0,1.0
tt0117427,11533,Race the Sun,1996.0,22,9,41.0,4797.0,100.0,0.0,0,1,0.0,0.0
tt0117482,11848,Ripe,,0,6,46.0,134.0,93.0,0.0,0,1,,1.0
tt0117500,1065,The Rock,1996.0,66,64,85.0,305085.0,136.0,0.0,0,1,0.0,0.0
tt0117571,1091,Scream,1996.0,79,71,79.0,478172.0,111.0,1.0,1,1,0.0,0.0
tt0117688,12758,Solo,1996.0,6,35,26.0,6233.0,94.0,0.0,0,1,0.0,0.0
tt0117690,12774,Some Mother's Son,1996.0,69,16,87.0,1800.0,112.0,0.0,0,1,0.0,0.0
tt0117723,12963,Spy Hard,1996.0,8,40,31.0,37897.0,80.0,0.0,0,1,0.0,1.0
tt0117768,13212,The Stupids,1996.0,20,15,38.0,10226.0,94.0,0.0,0,1,1.0,0.0
tt0117802,13362,Swingers,1996.0,87,54,89.0,58532.0,96.0,1.0,1,1,0.0,0.0
tt0117891,15159,A Thin Line Between Love and Hate,1996.0,12,25,77.0,14691.0,108.0,0.0,0,1,0.0,0.0
tt0117913,1070,A Time to Kill,1996.0,66,53,85.0,95111.0,149.0,0.0,0,1,0.0,0.0
tt0117924,15321,To Gillian on Her 37th Birthday,1996.0,14,28,42.0,6216.0,93.0,0.0,0,1,0.0,0.0
tt0117951,15441,Trainspotting,1996.0,90,84,93.0,313541.0,93.0,1.0,1,1,0.0,0.0
tt0117958,15479,Trees Lounge,1996.0,81,26,78.0,6602.0,94.0,1.0,0,1,0.0,1.0
tt0118073,15849,A Very Brady Sequel,1996.0,53,34,35.0,62595.0,90.0,0.0,0,1,0.0,0.0
tt0118540,1943,4 Little Girls,1997.0,100,27,89.0,5138.0,102.0,1.0,0,1,0.0,0.0
tt0118541,1983,8 Heads in a Duffel Bag,1997.0,11,19,35.0,21285.0,95.0,0.0,0,1,0.0,0.0
tt0118589,6679,Glitter,2001.0,7,87,48.0,44307.0,104.0,0.0,0,1,0.0,0.0
tt0118663,3032,B.A.P.S.,1997.0,16,32,67.0,8680.0,91.0,0.0,0,1,0.0,0.0
tt0118665,2934,Baby Geniuses,1999.0,2,44,24.0,82185.0,94.0,0.0,0,1,0.0,3.0
tt0118715,13761,The Big Lebowski,1998.0,82,100,94.0,355746.0,118.0,1.0,1,1,0.0,1.0
tt0118750,3693,Booty Call,1997.0,25,12,59.0,21830.0,90.0,0.0,0,1,0.0,11.0
tt0119008,5338,Donnie Brasco,1997.0,88,57,89.0,203990.0,115.0,1.0,1,1,0.0,12.0
tt0119086,5838,Excess Baggage,1997.0,32,31,41.0,27395.0,101.0,0.0,0,1,0.0,0.0
tt0119137,6210,Flubber,1997.0,24,34,33.0,623640.0,93.0,0.0,0,1,0.0,0.0
tt0119177,6522,Gattaca,1997.0,83,58,87.0,208586.0,106.0,1.0,1,1,0.0,0.0
tt0119215,6777,Good Burger,1997.0,32,38,63.0,55237.0,95.0,0.0,0,1,0.0,0.0
tt0119282,7271,Hercules,1997.0,84,55,76.0,388724.0,93.0,1.0,1,1,0.0,0.0
tt0119304,7405,Home Fries,1998.0,31,36,33.0,39478.0,94.0,0.0,0,1,0.0,3.0
tt0119361,7829,In the Company of Men,1997.0,89,54,80.0,7805.0,97.0,1.0,1,1,1.0,0.0
tt0119375,7932,Insomnia,1998.0,97,38,77.0,9093.0,97.0,1.0,0,1,1.0,1.0
tt0119432,8321,Jungle 2 Jungle,1997.0,19,42,33.0,193990.0,105.0,0.0,0,1,0.0,0.0
tt0119640,1103,McHale's Navy,1997.0,3,29,37.0,9185.0,109.0,0.0,0,1,0.0,1.0
tt0119670,9806,The Mighty,1998.0,75,40,79.0,8460.0,99.0,1.0,1,1,0.0,1.0
tt0119707,10006,Mortal Kombat: Annihilation,1997.0,2,43,25.0,88172.0,94.0,0.0,0,1,0.0,1.0
tt0119887,11106,The Pest,1997.0,8,24,68.0,31481.0,84.0,0.0,0,1,0.0,0.0
tt0119934,16392,Without Limits,1998.0,79,38,91.0,7850.0,119.0,1.0,0,1,0.0,2.0
tt0120029,11924,RocketMan,1997.0,21,19,72.0,27988.0,94.0,0.0,0,1,0.0,1.0
tt0120036,11995,Rosewood,1997.0,86,49,83.0,7955.0,122.0,1.0,1,1,0.0,18.0
tt0120112,12464,She's So Lovely,1997.0,66,41,62.0,5797.0,97.0,0.0,0,1,0.0,3.0
tt0120133,12575,A Simple Wish,1997.0,25,16,41.0,55273.0,89.0,0.0,0,1,0.0,0.0
tt0120142,12611,The Sixth Man,1997.0,23,13,58.0,9859.0,107.0,0.0,0,1,1.0,0.0
tt0120176,12883,The Spanish Prisoner,1997.0,89,61,81.0,7780.0,112.0,1.0,1,1,0.0,2.0
tt0120177,12891,Spawn,1997.0,18,45,36.0,186093.0,99.0,0.0,0,1,0.0,3.0
tt0120207,1120,Steel,1997.0,12,26,16.0,7043.0,93.0,0.0,0,1,0.0,4.0
tt0120213,12642,Slappy and the Stinkers,1997.0,0,5,62.0,2078.0,78.0,0.0,0,1,1.0,0.0
tt0120255,13339,The Sweet Hereafter,1997.0,100,58,86.0,11620.0,110.0,1.0,1,1,0.0,2.0
tt0120321,12703,Smoke Signals,1998.0,83,30,82.0,10368.0,88.0,1.0,0,1,0.0,1.0
tt0120324,12573,A Simple Plan,1998.0,90,71,81.0,39306.0,121.0,1.0,1,1,0.0,0.0
tt0120338,15314,Titanic,1997.0,89,189,69.0,35797635.0,194.0,1.0,1,1,0.0,0.0
tt0120382,15534,The Truman Show,1998.0,94,126,89.0,583174.0,103.0,1.0,1,1,0.0,0.0
tt0120472,15928,Waco: The Rules of Engagement,1997.0,88,16,87.0,1348.0,165.0,1.0,0,1,0.0,29.0
tt0120576,4855,Dance with Me,1998.0,51,43,67.0,36325.0,127.0,0.0,0,1,0.0,1.0
tt0120577,1952,54,1998.0,17,69,43.0,31426.0,92.0,0.0,0,1,0.0,1.0
tt0120611,1161,Blade,1998.0,54,101,78.0,499581.0,121.0,0.0,0,1,0.0,1.0
tt0120670,1134,Firestorm,1998.0,12,26,26.0,6382.0,89.0,0.0,0,1,0.0,0.0
tt0120696,7079,Hard Rain,1997.0,28,43,34.0,37483.0,96.0,0.0,0,1,1.0,1.0
tt0120725,8590,Krippendorf's Tribe,1998.0,16,37,24.0,7012.0,94.0,0.0,0,1,0.0,0.0
tt0120741,1162,Mafia!,1998.0,14,42,47.0,12049.0,84.0,0.0,0,1,1.0,3.0
tt0120753,9828,The Million Dollar Hotel,2000.0,25,44,68.0,11380.0,122.0,0.0,0,1,0.0,0.0
tt0120764,10215,My Favorite Martian,1999.0,12,42,30.0,51791.0,93.0,0.0,0,1,0.0,1.0
tt0120765,10226,My Giant,1998.0,19,27,25.0,8939.0,106.0,0.0,0,1,0.0,3.0
tt0120784,1193,Payback,1999.0,54,74,69.0,98929.0,100.0,0.0,0,1,0.0,0.0
tt0120789,11240,Pleasantville,1998.0,85,94,79.0,230868.0,125.0,1.0,1,1,0.0,1.0
tt0120891,16323,Wild Wild West,1999.0,17,131,28.0,464227.0,107.0,0.0,0,1,0.0,1.0
tt0120903,16500,X-Men,2000.0,81,172,83.0,1067514.0,104.0,1.0,1,1,0.0,0.0
tt0120910,5941,Fantasia 2000,2000.0,81,83,75.0,62478.0,90.0,1.0,1,1,1.0,15.0
tt0120917,5670,The Emperor's New Groove,2000.0,85,129,83.0,450236.0,79.0,1.0,1,1,0.0,1.0
tt0122529,7258,Henry Fool,1998.0,90,29,82.0,5524.0,137.0,1.0,0,1,1.0,0.0
tt0123034,4806,Dead Man's Curve,1998.0,11,9,53.0,4657.0,90.0,0.0,0,1,0.0,1.0
tt0125664,1216,Man on the Moon,1999.0,63,119,79.0,94144.0,118.0,0.0,0,1,0.0,0.0
tt0125678,3671,Bongwater,1998.0,17,6,66.0,3347.0,98.0,0.0,0,1,0.0,1.0
tt0126029,12518,Shrek,2001.0,88,204,90.0,1378744.0,93.0,1.0,1,1,0.0,3.0
tt0126886,5622,Election,1999.0,92,112,79.0,61720.0,102.0,1.0,1,1,0.0,1.0
tt0128442,1163,Rounders,1998.0,65,79,87.0,78147.0,120.0,0.0,0,1,0.0,1.0
tt0128445,12051,Rushmore,1998.0,89,103,91.0,186046.0,93.0,1.0,1,1,1.0,0.0
tt0129167,7998,The Iron Giant,1999.0,96,140,90.0,204671.0,86.0,1.0,1,1,0.0,0.0
tt0129387,15135,There's Something About Mary,1998.0,83,83,61.0,33121539.0,118.0,1.0,1,1,0.0,1.0
tt0130121,9777,Mickey Blue Eyes,1999.0,45,77,42.0,56938.0,102.0,0.0,0,1,0.0,0.0
tt0131436,7650,I Got The Hook-Up,1998.0,17,12,63.0,7337.0,93.0,0.0,0,1,0.0,0.0
tt0132245,1303,Driven,2001.0,14,110,33.0,43185.0,117.0,0.0,0,1,0.0,1.0
tt0133093,9613,The Matrix,1999.0,88,149,85.0,33324202.0,136.0,1.0,1,1,0.0,0.0
tt0133189,12649,SLC Punk,1998.0,63,32,89.0,49391.0,97.0,0.0,0,1,0.0,0.0
tt0134084,12228,Scream 3,2000.0,39,121,37.0,404683.0,116.0,0.0,0,1,0.0,0.0
tt0137523,6061,Fight Club,1999.0,79,170,96.0,1092514.0,139.0,1.0,1,1,0.0,0.0
tt0138097,12400,Shakespeare in Love,1998.0,92,138,80.0,226892.0,122.0,1.0,1,1,0.0,1.0
tt0139239,1188,Go,1999.0,91,74,78.0,50230.0,103.0,1.0,1,1,0.0,1.0
tt0139615,12636,Slam,1998.0,61,23,84.0,2700.0,103.0,0.0,0,1,0.0,3.0
tt0139809,1200,The Thirteenth Floor,1999.0,29,63,63.0,30446.0,120.0,0.0,0,1,0.0,20.0
tt0140282,7807,In God's Hands,1998.0,0,6,79.0,2628.0,112.0,0.0,0,1,0.0,16.0
tt0141098,6269,Forces of Nature,1999.0,45,66,35.0,57613.0,106.0,0.0,0,1,0.0,1.0
tt0141907,15408,Town & Country,2000.0,13,93,14.0,2684.0,105.0,0.0,0,1,1.0,1.0
tt0143861,12225,Scratch,2002.0,93,46,93.0,4748.0,90.0,1.0,1,1,1.0,2.0
tt0144117,3689,The Boondock Saints,1999.0,22,27,91.0,335352.0,110.0,0.0,0,1,0.0,2.0
tt0144120,3810,Bride of Chucky,1998.0,46,37,46.0,364190.0,89.0,0.0,0,1,0.0,0.0
tt0145503,1248,Sunshine,2000.0,74,65,81.0,7003.0,180.0,0.0,0,1,1.0,1.0
tt0145547,15609,Two Hands,1999.0,67,6,80.0,7477.0,104.0,0.0,0,1,0.0,1.0
tt0145653,2652,Angela's Ashes,1999.0,52,86,81.0,22675.0,145.0,0.0,0,1,0.0,0.0
tt0146316,8700,Lara Croft - Tomb Raider,2001.0,20,157,47.0,556149.0,93.0,0.0,0,1,0.0,7.0
tt0146336,15765,Urban Legend,1998.0,19,54,37.0,164277.0,100.0,0.0,0,1,0.0,1.0
tt0147612,1171,Happiness,1998.0,81,48,89.0,41707.0,134.0,1.0,1,1,0.0,0.0
tt0147800,1269,10 Things I Hate About You,1999.0,68,75,69.0,32104911.0,97.0,0.0,0,1,0.0,0.0
tt0149261,1204,Deep Blue Sea,1999.0,60,112,38.0,379326.0,100.0,0.0,0,1,0.0,5.0
tt0150176,1240,Coming Soon,1999.0,29,7,26.0,1336.0,95.0,0.0,0,1,0.0,1.0
tt0150230,4768,The Cruise,1998.0,86,21,88.0,1521.0,76.0,1.0,0,1,0.0,0.0
tt0150915,7337,Hilary and Jackie,1998.0,88,58,83.0,6573.0,120.0,1.0,1,1,0.0,1.0
tt0155388,1190,The Winslow Boy,1999.0,97,37,77.0,3716.0,110.0,1.0,0,1,0.0,6.0
tt0156096,12954,Spring Forward,2000.0,88,24,81.0,801.0,111.0,1.0,0,1,1.0,1.0
tt0156323,1244,Screwed,2000.0,13,30,48.0,7136.0,82.0,0.0,0,1,0.0,1.0
tt0156639,3399,The Big Tease,2000.0,56,39,55.0,2497.0,86.0,0.0,0,1,1.0,0.0
tt0157075,13224,The Suburbans,1999.0,0,10,22.0,2026.0,87.0,0.0,0,1,0.0,6.0
tt0157472,4457,Clockstoppers,2002.0,29,85,30.0,58082.0,94.0,0.0,0,1,0.0,0.0
tt0159097,15897,The Virgin Suicides,2000.0,76,96,81.0,192431.0,97.0,1.0,1,1,1.0,0.0
tt0160127,4234,Charlie's Angels,2000.0,68,144,45.0,729048.0,98.0,0.0,0,1,0.0,0.0
tt0160236,5500,Dudley Do-Right,1999.0,16,45,23.0,40168.0,77.0,0.0,0,1,0.0,0.0
tt0160484,1282,Lost Souls,2000.0,8,91,22.0,10736.0,102.0,0.0,0,1,0.0,5.0
tt0162973,6570,Get Real,1999.0,79,47,84.0,8071.0,108.0,1.0,1,1,1.0,0.0
tt0162983,7034,Hanging Up,2000.0,12,85,34.0,21249.0,95.0,0.0,0,1,0.0,1.0
tt0163025,8326,Jurassic Park III,2001.0,49,181,36.0,526557.0,92.0,0.0,0,1,0.0,0.0
tt0163579,4309,Chill Factor,1999.0,10,77,30.0,13199.0,102.0,0.0,0,1,0.0,0.0
tt0163676,1255,The In Crowd,2000.0,2,60,38.0,6600.0,108.0,0.0,0,1,0.0,3.0
tt0164114,5470,Drive Me Crazy,1999.0,28,36,53.0,59048.0,91.0,0.0,0,1,0.0,0.0
tt0165831,7216,Held Up,2000.0,17,30,42.0,2682.0,89.0,0.0,0,1,1.0,0.0
tt0166110,3668,Bones,2001.0,21,66,40.0,18176.0,95.0,0.0,0,1,0.0,1.0
tt0166195,6233,Foolish,1999.0,0,16,65.0,1093.0,96.0,0.0,0,1,0.0,12.0
tt0166813,12939,Spirit - Stallion of the Cimarron,2002.0,70,128,76.0,59777.0,83.0,0.0,0,1,0.0,0.0
tt0167203,7646,I Dreamed of Africa,2000.0,10,101,56.0,5528.0,115.0,0.0,0,1,0.0,1.0
tt0167260,14505,The Lord of the Rings: The Return of the King,2003.0,93,273,86.0,34679773.0,201.0,1.0,1,1,0.0,0.0
tt0167423,1220,Diamonds,1999.0,26,35,27.0,1401.0,91.0,0.0,0,1,0.0,0.0
tt0167456,15259,Thunderbirds,2004.0,19,106,37.0,21866.0,95.0,0.0,0,1,0.0,0.0
tt0168172,12569,Simon Sez,1999.0,0,19,17.0,2660.0,84.0,0.0,0,1,0.0,1.0
tt0168446,2189,Aberdeen,2001.0,87,38,80.0,1584.0,113.0,1.0,0,1,1.0,0.0
tt0168629,4857,Dancer in the Dark,2000.0,69,118,91.0,57710.0,137.0,0.0,0,1,0.0,3.0
tt0171356,6966,Gun Shy,2000.0,24,42,36.0,5286.0,102.0,0.0,0,1,0.0,1.0
tt0172396,1221,The End of the Affair,1999.0,67,66,74.0,9765.0,105.0,0.0,0,1,0.0,3.0
tt0172493,6640,"Girl, Interrupted",1999.0,54,114,84.0,242586.0,127.0,0.0,0,1,0.0,0.0
tt0172627,3650,Body Shots,1999.0,11,28,27.0,3233.0,105.0,0.0,0,1,0.0,1.0
tt0174204,12571,Simpatico,1999.0,25,61,13.0,1146.0,106.0,0.0,0,1,0.0,0.0
tt0174856,1219,The Hurricane,1999.0,83,113,87.0,55606.0,146.0,1.0,1,1,0.0,0.0
tt0176269,15726,Universal Soldier: The Return,1999.0,5,58,24.0,43463.0,83.0,0.0,0,1,0.0,0.0
tt0177650,4572,Company Man,2001.0,14,63,45.0,1442.0,81.0,0.0,0,1,1.0,14.0
tt0177789,6486,Galaxy Quest,1999.0,90,119,79.0,224124.0,102.0,1.0,1,1,1.0,0.0
tt0178642,7982,The Invisible Circus,2001.0,21,62,45.0,3695.0,92.0,0.0,0,1,0.0,1.0
tt0179182,6272,Forever Mine,1999.0,29,7,42.0,1551.0,115.0,0.0,0,1,0.0,0.0
tt0179183,6291,Fortress 2: Re-Entry,,0,9,21.0,4512.0,92.0,0.0,0,1,,0.0
tt0180052,2270,The Adventures of Pluto Nash,2002.0,4,89,19.0,32647.0,94.0,0.0,0,1,0.0,1.0
tt0181151,1235,What Planet Are You From?,2000.0,42,77,28.0,5974.0,105.0,0.0,0,1,0.0,0.0
tt0181530,5551,East/West,2000.0,65,31,88.0,2516.0,121.0,0.0,0,1,1.0,0.0
tt0181865,1290,Traffic,2000.0,92,158,85.0,190313.0,147.0,1.0,1,1,0.0,0.0
tt0185183,3120,Battlefield Earth,2000.0,3,148,12.0,53955.0,118.0,0.0,0,1,0.0,0.0
tt0185431,9051,Little Nicky,2000.0,22,115,56.0,460296.0,84.0,0.0,0,1,0.0,6.0
tt0186045,5478,Drowning Mona,2000.0,29,76,46.0,15264.0,95.0,0.0,0,1,0.0,1.0
tt0187859,6540,Genghis Blues,2000.0,75,12,91.0,1124.0,88.0,1.0,0,1,1.0,0.0
tt0190332,4760,"Crouching Tiger, Hidden Dragon",2001.0,97,153,86.0,427240.0,120.0,1.0,1,1,1.0,0.0
tt0190374,5516,Dungeons & Dragons,2000.0,10,92,20.0,47641.0,107.0,0.0,0,1,0.0,0.0
tt0190590,10608,"O Brother, Where Art Thou?",2000.0,77,150,89.0,256512.0,106.0,1.0,1,1,0.0,1.0
tt0191074,10376,New Best Friend,2002.0,5,38,39.0,2818.0,91.0,0.0,0,1,0.0,0.0
tt0192255,9058,The Little Vampire,2000.0,55,66,55.0,52328.0,105.0,0.0,0,1,0.0,10.0
tt0192614,12627,The Skulls,2000.0,9,85,43.0,56952.0,106.0,0.0,0,1,0.0,0.0
tt0193560,1328,Texas Rangers,2001.0,2,51,29.0,7335.0,90.0,0.0,0,1,0.0,0.0
tt0195909,9697,Meeting People Is Easy,1999.0,71,7,85.0,2510.0,98.0,0.0,0,1,1.0,1.0
tt0197384,4722,Crime & Punishment in Suburbia,2000.0,21,29,58.0,3031.0,100.0,0.0,0,1,0.0,0.0
tt0198386,1261,The Crew,2000.0,20,85,35.0,4120.0,87.0,0.0,0,1,0.0,1.0
tt0199314,2191,About Adam,2000.0,68,57,47.0,9432.0,96.0,0.0,0,1,0.0,1.0
tt0200469,3102,Bats,1999.0,17,42,15.0,20703.0,91.0,0.0,0,1,0.0,0.0
tt0202623,15175,The Third Wheel,2002.0,33,6,32.0,1960.0,90.0,0.0,0,1,0.0,1.0
tt0202641,15604,Two Family House,2000.0,89,35,81.0,1040.0,108.0,1.0,0,1,0.0,0.0
tt0203009,10040,Moulin Rouge!,2001.0,76,198,89.0,505093.0,126.0,1.0,1,1,0.0,1.0
tt0203019,9725,Men of Honor,2000.0,42,106,81.0,77264.0,129.0,0.0,0,1,0.0,0.0
tt0203166,15338,Together,2001.0,90,80,89.0,7749.0,106.0,1.0,1,1,1.0,0.0
tt0205461,15212,Thomas and the Magic Railroad,2000.0,21,68,41.0,3231.0,95.0,0.0,0,1,0.0,10.0
tt0208196,7055,Happy Accidents,2001.0,72,61,75.0,7366.0,110.0,0.0,0,1,1.0,0.0
tt0209144,9710,Memento,2000.0,92,173,94.0,380531.0,116.0,1.0,1,1,0.0,3.0
tt0209189,10565,Not One Less,2000.0,95,44,90.0,5846.0,106.0,1.0,1,1,1.0,0.0
tt0210299,12825,Songcatcher,2001.0,74,88,78.0,2472.0,112.0,0.0,0,1,1.0,3.0
tt0211443,8133,Jason X,2002.0,19,104,25.0,71470.0,91.0,0.0,0,1,1.0,1.0
tt0211915,2506,Amélie,2001.0,89,178,95.0,468858.0,121.0,1.0,1,1,0.0,1.0
tt0211938,1273,Bait,2000.0,26,82,40.0,11928.0,119.0,0.0,0,1,0.0,0.0
tt0211941,1351,Beat,2000.0,57,7,37.0,1139.0,89.0,0.0,0,1,0.0,4.0
tt0212720,2336,A.I. Artificial Intelligence,2001.0,73,192,64.0,413913.0,145.0,0.0,1,1,0.0,1.0
tt0212815,3374,Big Eden,2001.0,65,52,79.0,3937.0,119.0,0.0,0,1,1.0,1.0
tt0213790,1281,The Ladies Man,2000.0,11,73,42.0,21177.0,84.0,0.0,0,1,0.0,0.0
tt0216800,16386,With a Friend like Harry...,2001.0,96,92,79.0,4510.0,117.0,1.0,1,1,1.0,0.0
tt0217355,4863,Dancing at the Blue Iguana,2000.0,23,22,42.0,2745.0,123.0,0.0,0,1,1.0,0.0
tt0217630,1256,Loser,2000.0,24,96,35.0,52066.0,96.0,0.0,0,1,0.0,2.0
tt0217756,11617,Ready to Rumble,2000.0,23,70,52.0,33549.0,106.0,0.0,0,1,0.0,1.0
tt0218043,3341,Beyond the Mat,1999.0,82,67,83.0,8509.0,102.0,1.0,1,1,0.0,0.0
tt0219653,5422,Dracula 2000,2000.0,18,68,39.0,69941.0,98.0,0.0,0,1,0.0,1.0
tt0220506,7018,Halloween: Resurrection,2002.0,11,63,26.0,90350.0,89.0,0.0,0,1,0.0,5.0
tt0221073,4333,Chopper,2001.0,72,68,89.0,31486.0,94.0,0.0,0,1,1.0,0.0
tt0221889,3161,Beautiful Creatures,2001.0,37,59,33.0,3185.0,100.0,0.0,0,1,1.0,14.0
tt0230600,1317,The Others,2001.0,83,161,77.0,344256.0,105.0,1.0,1,1,0.0,4.0
tt0233469,1324,Collateral Damage,2002.0,19,142,27.0,79859.0,105.0,0.0,0,1,0.0,3.0
tt0233687,5887,The Eyes of Tammy Faye,2000.0,86,35,72.0,1174.0,79.0,1.0,0,1,0.0,0.0
tt0233841,3035,Baran,2002.0,89,62,89.0,3696.0,94.0,1.0,1,1,1.0,0.0
tt0235154,1970,6ixtynin9,2000.0,94,17,80.0,1687.0,111.0,1.0,0,1,1.0,7.0
tt0235737,12094,The Salton Sea,2002.0,63,84,83.0,21327.0,103.0,0.0,0,1,0.0,0.0
tt0238119,3747,Boys Don't Cry,1999.0,88,77,87.0,69938.0,116.0,1.0,1,1,1.0,26.0
tt0238380,5733,Equilibrium,2002.0,40,90,81.0,268066.0,106.0,0.0,0,1,0.0,1.0
tt0239395,4160,Cats & Dogs,2001.0,53,116,32.0,444441.0,87.0,0.0,0,1,0.0,0.0
tt0240200,16028,Water,2005.0,90,93,90.0,44545.0,117.0,1.0,1,1,0.0,0.0
tt0240419,8629,La Cienaga,2001.0,88,41,80.0,1465.0,100.0,1.0,1,1,0.0,3.0
tt0240515,6350,Freddy Got Fingered,2001.0,10,93,56.0,131627.0,92.0,0.0,0,1,0.0,5.0
tt0241527,7118,Harry Potter and the Sorcerer's Stone,2001.0,81,197,82.0,1157306.0,152.0,1.0,1,1,0.0,0.0
tt0241760,1334,The New Guy,2002.0,7,98,54.0,66204.0,82.0,0.0,0,1,0.0,6.0
tt0242150,16496,Xchange,2001.0,0,5,29.0,1504.0,120.0,0.0,0,1,0.0,10.0
tt0242508,7122,Harvard Man,2002.0,33,36,33.0,7894.0,97.0,0.0,0,1,1.0,2.0
tt0243133,9467,The Man Who Wasn't There,2001.0,81,157,85.0,41209.0,117.0,1.0,1,1,0.0,1.0
tt0244479,4888,Dark Blue World,2001.0,62,58,84.0,3660.0,115.0,0.0,0,1,0.0,3.0
tt0245573,16503,XX/XY,2003.0,44,62,44.0,3260.0,91.0,0.0,0,1,1.0,0.0
tt0245712,2593,Amores Perros,2001.0,92,116,94.0,104196.0,153.0,1.0,1,1,0.0,1.0
tt0245803,3934,Bulletproof Monk,2003.0,23,132,38.0,194469.0,104.0,0.0,0,1,0.0,0.0
tt0246765,9316,Lumumba,2001.0,81,57,83.0,1162.0,115.0,1.0,1,1,1.0,0.0
tt0246989,15358,Tomcats,2001.0,14,76,43.0,22948.0,95.0,0.0,0,1,0.0,0.0
tt0247745,13286,Super Troopers,2002.0,35,88,90.0,262797.0,103.0,0.0,0,1,1.0,3.0
tt0248126,8372,Kabhi Khushi Kabhie Gham,2001.0,100,8,88.0,28844.0,209.0,1.0,0,1,0.0,1.0
tt0251160,8236,John Q,2002.0,23,131,78.0,169454.0,117.0,0.0,0,1,0.0,1.0
tt0253474,11156,The Pianist,2002.0,95,182,96.0,252952.0,148.0,1.0,1,1,0.0,2.0
tt0253840,14982,The Triumph of Love,2002.0,48,73,51.0,1492.0,107.0,0.0,0,1,1.0,5.0
tt0253867,13346,The Sweetest Thing,2002.0,26,108,65.0,199714.0,91.0,0.0,0,1,0.0,7.0
tt0255477,1362,Pinocchio,2002.0,0,54,32.0,8930.0,111.0,0.0,0,1,0.0,3.0
tt0257360,2197,About Schmidt,2002.0,85,203,74.0,90655.0,124.0,1.0,1,1,0.0,1.0
tt0258463,3725,The Bourne Identity,2002.0,83,189,93.0,965350.0,117.0,1.0,1,1,0.0,2.0
tt0258470,3908,Bubble Boy,2001.0,30,83,48.0,243504.0,84.0,0.0,0,1,0.0,0.0
tt0259324,6592,Ghost Rider,2007.0,26,140,48.0,730783.0,110.0,0.0,0,1,0.0,0.0
tt0259484,10905,Paid in Full,2002.0,53,43,93.0,20652.0,97.0,0.0,0,1,0.0,0.0
tt0261289,12320,Serving Sara,2002.0,4,113,26.0,27094.0,99.0,0.0,0,1,0.0,3.0
tt0262432,1250,George Washington,2000.0,84,61,85.0,6188.0,89.0,1.0,1,1,0.0,0.0
tt0264476,4302,Children Underground,2001.0,94,17,92.0,1118.0,104.0,1.0,0,1,0.0,0.0
tt0264689,7409,Home Room,2003.0,55,22,78.0,5467.0,132.0,0.0,0,1,1.0,1.0
tt0265029,2582,America's Sweethearts,2001.0,32,145,40.0,132389.0,103.0,0.0,0,1,0.0,1.0
tt0265086,3473,Black Hawk Down,2001.0,76,171,88.0,472948.0,152.0,1.0,1,1,0.0,8.0
tt0265087,3474,Black Knight,2001.0,13,97,34.0,169129.0,95.0,0.0,0,1,0.0,0.0
tt0265343,9956,Monsoon Wedding,2002.0,95,120,87.0,27583.0,114.0,1.0,1,1,1.0,0.0
tt0265808,13062,Stealing Harvard,2002.0,9,103,39.0,20389.0,85.0,0.0,0,1,0.0,0.0
tt0266747,9528,Marci X,2003.0,8,59,30.0,6095.0,84.0,0.0,0,1,0.0,0.0
tt0266987,12962,Spy Game,2001.0,66,133,75.0,114042.0,127.0,0.0,0,1,0.0,1.0
tt0267891,1459,The Ringer,2005.0,40,88,68.0,398136.0,90.0,0.0,0,1,0.0,4.0
tt0267913,1332,Scooby-Doo,2002.0,30,144,38.0,408580.0,86.0,0.0,0,1,0.0,3.0
tt0268126,1361,Adaptation,2002.0,91,207,85.0,188588.0,114.0,1.0,1,1,0.0,1.0
tt0268978,3166,A Beautiful Mind,2001.0,74,211,93.0,490713.0,135.0,0.0,1,1,0.0,0.0
tt0270846,13280,Superbabies: Baby Geniuses 2,2004.0,0,45,24.0,6969.0,89.0,0.0,0,1,0.0,1.0
tt0272207,10302,Narc,2002.0,84,158,79.0,27756.0,105.0,1.0,1,1,0.0,0.0
tt0272338,11453,Punch-Drunk Love,2002.0,80,192,77.0,139976.0,95.0,1.0,1,1,0.0,0.0
tt0273300,8314,Jump Tomorrow,2001.0,81,54,88.0,834.0,95.0,1.0,1,1,0.0,2.0
tt0273799,9630,Max Keeble's Big Move,2001.0,29,56,38.0,19866.0,86.0,0.0,0,1,0.0,0.0
tt0276033,4666,The Country Bears,2002.0,30,81,32.0,10697.0,88.0,0.0,0,1,0.0,0.0
tt0277027,7627,I Am Sam,2001.0,35,144,87.0,300961.0,132.0,0.0,0,1,0.0,0.0
tt0278435,1345,Enough,2002.0,22,124,67.0,123407.0,111.0,0.0,0,1,0.0,4.0
tt0278504,1346,Insomnia,2002.0,92,201,77.0,105176.0,118.0,1.0,1,1,0.0,0.0
tt0279781,12836,Sorority Boys,2002.0,13,64,54.0,47272.0,93.0,0.0,0,1,0.0,0.0
tt0279889,8221,Joe Somebody,2001.0,21,86,27.0,31295.0,98.0,0.0,0,1,0.0,0.0
tt0280460,3028,The Banger Sisters,2002.0,48,141,42.0,44751.0,98.0,0.0,0,1,0.0,0.0
tt0280590,10065,Mr. Deeds,2002.0,22,155,59.0,738305.0,96.0,0.0,0,1,0.0,0.0
tt0280653,2507,Amen,2003.0,67,49,82.0,5119.0,132.0,0.0,0,1,1.0,0.0
tt0280696,6504,Garage Days,2003.0,43,53,61.0,6280.0,105.0,0.0,0,1,1.0,0.0
tt0281373,12722,Snow Dogs,2002.0,24,82,39.0,129751.0,99.0,0.0,0,1,0.0,0.0
tt0282209,4916,Darkness Falls,2003.0,9,129,34.0,81458.0,86.0,0.0,0,1,0.0,0.0
tt0282687,8967,Life or Something Like It,2002.0,28,122,44.0,44490.0,103.0,0.0,0,1,0.0,0.0
tt0283026,13352,Swimfan,2002.0,15,92,32.0,49873.0,84.0,0.0,0,1,0.0,1.0
tt0283632,1348,They,2002.0,38,56,24.0,12869.0,89.0,0.0,0,1,0.0,0.0
tt0284494,12623,Skins,2002.0,59,58,85.0,2260.0,87.0,0.0,0,1,0.0,3.0
tt0284929,13486,Ted Bundy,2002.0,41,22,45.0,7622.0,96.0,0.0,0,1,0.0,3.0
tt0285728,4835,Dahmer,2002.0,69,39,40.0,7956.0,100.0,0.0,0,1,0.0,1.0
tt0286244,14981,The Triplets of Belleville,2003.0,94,148,90.0,40224.0,81.0,1.0,1,1,0.0,1.0
tt0286716,7573,Hulk,2003.0,62,233,29.0,428868.0,138.0,0.0,0,1,0.0,0.0
tt0289879,3984,The Butterfly Effect,2004.0,33,172,81.0,623190.0,113.0,0.0,0,1,0.0,0.0
tt0289992,8962,The Life of David Gale,2003.0,19,157,81.0,60889.0,130.0,0.0,0,1,0.0,0.0
tt0290212,6447,Full Frontal,2002.0,39,143,27.0,6147.0,101.0,0.0,0,1,0.0,0.0
tt0290332,1323,The Wash,2001.0,8,50,65.0,10789.0,96.0,0.0,0,1,0.0,0.0
tt0291579,7155,"He Loves Me, He Loves Me Not",2002.0,71,72,84.0,23038.0,96.0,0.0,0,1,0.0,4.0
tt0292610,10488,No Good Deed,2003.0,25,12,25.0,4244.0,98.0,0.0,0,1,1.0,1.0
tt0292963,3216,Before the Devil Knows You're Dead,2007.0,88,174,71.0,86504.0,116.0,1.0,1,1,0.0,1.0
tt0295427,9600,The Master of Disguise,2002.0,1,104,33.0,59040.0,80.0,0.0,0,1,0.0,0.0
tt0298203,1984,8 Mile,2002.0,75,213,54.0,32167884.0,111.0,1.0,1,1,0.0,1.0
tt0298814,4647,The Core,2003.0,40,156,34.0,100661.0,135.0,0.0,0,1,0.0,0.0
tt0299658,4282,Chicago,2002.0,85,255,83.0,439404.0,113.0,1.0,1,1,0.0,0.0
tt0301470,8149,Jeepers Creepers 2,2003.0,23,125,37.0,357019.0,104.0,0.0,0,1,0.0,2.0
tt0303816,1377,Cabin Fever,2002.0,62,140,44.0,250166.0,92.0,0.0,0,1,0.0,1.0
tt0303933,5483,Drumline,2002.0,82,84,70.0,322146.0,118.0,1.0,1,1,0.0,0.0
tt0304120,6985,H,2002.0,80,5,52.0,1819.0,106.0,1.0,0,1,0.0,0.0
tt0304669,14818,The Santa Clause 2,2002.0,55,114,42.0,202429.0,104.0,0.0,0,1,0.0,0.0
tt0304711,14643,The Order,2003.0,8,60,38.0,22577.0,102.0,0.0,0,2,0.0,0.0
tt0305206,2568,American Splendor,2003.0,94,186,86.0,44544.0,100.0,1.0,1,1,0.0,1.0
tt0305396,13920,The Crocodile Hunter: Collision Course,2002.0,53,83,44.0,43919.0,90.0,0.0,0,1,0.0,0.0
tt0305669,3849,Bringing Down the House,2003.0,34,149,49.0,379148.0,105.0,0.0,0,1,0.0,0.0
tt0306047,12195,Scary Movie 3,2003.0,35,131,54.0,804280.0,88.0,0.0,0,1,0.0,4.0
tt0306841,9086,The Lizzie McGuire Movie,2003.0,41,98,49.0,393224.0,93.0,0.0,0,1,0.0,1.0
tt0308208,3008,Ballistic: Ecks vs. Sever,2002.0,0,117,19.0,22975.0,91.0,0.0,0,1,0.0,0.0
tt0308644,6104,Finding Neverland,2004.0,82,205,87.0,465352.0,101.0,1.0,1,1,0.0,5.0
tt0310281,9812,A Mighty Wind,2003.0,87,175,75.0,42547.0,87.0,1.0,1,1,0.0,4.0
tt0311110,8041,It Runs in the Family,2003.0,29,98,29.0,5798.0,109.0,0.0,0,1,0.0,0.0
tt0311361,8177,Jesus Christ Vampire Hunter,2001.0,80,10,58.0,8216.0,85.0,1.0,0,1,0.0,0.0
tt0311519,9474,The Man Without a Past,2002.0,98,98,90.0,7615.0,97.0,1.0,1,1,0.0,0.0
tt0314331,9219,Love Actually,2003.0,63,196,72.0,31626919.0,135.0,0.0,0,1,0.0,0.0
tt0314498,11085,The Perfect Score,2004.0,16,109,44.0,50747.0,92.0,0.0,0,1,0.0,1.0
tt0314786,7909,The In-Laws,2003.0,33,135,41.0,15740.0,95.0,0.0,0,1,0.0,3.0
tt0315983,7510,House of Sand and Fog,2003.0,74,182,83.0,42481.0,126.0,0.0,1,1,0.0,0.0
tt0316356,10762,Open Range,2003.0,79,183,84.0,51658.0,138.0,1.0,1,1,0.0,1.0
tt0316654,12924,Spider-Man 2,2004.0,93,272,82.0,1151886.0,127.0,1.0,1,1,0.0,0.0
tt0318462,14584,The Motorcycle Diaries,2004.0,83,157,92.0,68709.0,128.0,1.0,1,1,0.0,2.0
tt0319061,1386,Big Fish,2003.0,75,218,89.0,498181.0,125.0,1.0,1,1,0.0,0.0
tt0319524,7541,How to Deal,2003.0,27,95,64.0,48749.0,102.0,0.0,0,1,0.0,1.0
tt0322259,1892,2 Fast 2 Furious,2003.0,36,159,50.0,32791717.0,108.0,0.0,0,1,0.0,1.0
tt0323033,8788,Laws of Attraction,2004.0,18,147,47.0,36811.0,89.0,0.0,0,1,0.0,1.0
tt0323872,8544,Kitchen Stories,2004.0,91,74,86.0,5033.0,95.0,1.0,1,1,1.0,0.0
tt0325710,8748,The Last Samurai,2003.0,66,221,83.0,391950.0,154.0,0.0,0,1,0.0,0.0
tt0326856,1396,Envy,2004.0,8,117,27.0,51409.0,99.0,0.0,0,1,0.0,0.0
tt0326900,1381,Good Boy!,2003.0,44,87,40.0,11873.0,89.0,0.0,0,1,0.0,1.0
tt0326965,7814,In My Sleep,2010.0,13,16,33.0,462.0,105.0,0.0,0,1,0.0,1.0
tt0327597,4646,Coraline,2009.0,91,265,73.0,384449.0,101.0,1.0,1,1,0.0,1.0
tt0328099,9427,Malibu's Most Wanted,2003.0,31,93,54.0,51679.0,86.0,0.0,0,1,0.0,0.0
tt0329354,9542,Marigold,2007.0,30,27,40.0,1228.0,112.0,0.0,0,1,0.0,2.0
tt0329575,12237,Seabiscuit,2003.0,77,203,76.0,118368.0,141.0,1.0,1,1,0.0,1.0
tt0329774,16506,xXx: State of the Union,2005.0,17,136,32.0,113296.0,101.0,0.0,0,1,0.0,0.0
tt0331933,9457,Man of the House,2005.0,9,65,46.0,61600.0,100.0,0.0,0,1,0.0,0.0
tt0332280,10573,The Notebook,2004.0,53,177,85.0,31656590.0,124.0,0.0,0,1,0.0,1.0
tt0332452,15522,Troy,2004.0,54,228,73.0,824907.0,165.0,0.0,0,1,0.0,2.0
tt0333780,8838,"Legally Blonde 2 - Red, White & Blonde",2003.0,37,155,43.0,471818.0,95.0,0.0,0,1,0.0,0.0
tt0334416,13100,Stevie,2003.0,91,75,89.0,2653.0,144.0,1.0,1,1,1.0,4.0
tt0335266,9197,Lost In Translation,2003.0,95,228,85.0,337058.0,102.0,1.0,1,1,0.0,0.0
tt0337721,1429,The Snow Walker,2003.0,86,14,78.0,4633.0,109.0,1.0,0,1,0.0,6.0
tt0337917,4152,Catch That Kid,2004.0,13,86,47.0,22838.0,92.0,0.0,0,1,0.0,1.0
tt0338216,9310,Lucky You,2007.0,29,142,28.0,207241.0,124.0,0.0,0,1,0.0,0.0
tt0338325,10930,Paparazzi,2004.0,17,83,38.0,18356.0,84.0,0.0,0,1,0.0,0.0
tt0338751,2902,The Aviator,2004.0,86,222,79.0,207396.0,170.0,1.0,1,1,0.0,0.0
tt0339147,1387,Highwaymen,2004.0,13,15,37.0,5844.0,78.0,0.0,0,1,0.0,2.0
tt0340377,13048,The Station Agent,2003.0,94,159,89.0,34761.0,90.0,1.0,1,1,0.0,1.0
tt0340855,9957,Monster,2004.0,81,188,81.0,84704.0,109.0,1.0,1,1,1.0,0.0
tt0342150,3928,Bukowski: Born into This,2003.0,84,49,89.0,2918.0,130.0,1.0,1,1,0.0,0.0
tt0343168,15051,The Weather Underground,2002.0,91,58,87.0,4047.0,92.0,1.0,1,1,0.0,0.0
tt0345950,12947,The Spongebob Squarepants Movie,2004.0,69,128,78.0,245046.0,90.0,0.0,0,1,0.0,3.0
tt0346491,2376,Alexander,2004.0,16,204,35.0,237701.0,176.0,0.0,0,1,0.0,1.0
tt0347246,6590,Ghost in the Shell 2 - Innocence,2004.0,64,99,80.0,37415.0,99.0,0.0,0,1,0.0,1.0
tt0347304,1406,Kal Ho Naa Ho,2003.0,70,10,92.0,30811.0,187.0,0.0,0,1,0.0,1.0
tt0349205,4258,Cheaper by the Dozen,2003.0,24,118,56.0,723804.0,98.0,0.0,0,1,0.0,0.0
tt0349467,6374,Freedomland,2006.0,23,151,25.0,101040.0,113.0,0.0,0,1,0.0,0.0
tt0349703,8616,Kyun...! Ho Gaya Na,2004.0,80,5,51.0,2354.0,172.0,1.0,0,1,0.0,7.0
tt0349825,9847,Miracle,2004.0,80,161,90.0,56979.0,135.0,1.0,1,1,0.0,0.0
tt0350258,11606,Ray,2004.0,80,204,87.0,214472.0,148.0,1.0,1,1,0.0,4.0
tt0353324,13921,The Crow: Wicked Prayer,2005.0,0,6,35.0,21997.0,99.0,0.0,0,1,0.0,0.0
tt0353969,9715,Memories of Murder,2003.0,90,40,94.0,11026.0,129.0,1.0,1,1,0.0,2.0
tt0356159,1447,Hellbent,2005.0,45,40,41.0,1914.0,85.0,0.0,0,1,1.0,1.0
tt0356443,15,The Bridge of San Luis Rey,2005.0,4,24,35.0,1931.0,120.0,0.0,0,1,1.0,0.0
tt0357277,5630,Elektra,2005.0,11,165,29.0,257154.0,98.0,0.0,0,1,0.0,1.0
tt0358273,15964,Walk the Line,2005.0,83,209,90.0,545499.0,94.0,1.0,1,1,0.0,42.0
tt0359013,3519,Blade: Trinity,2004.0,25,167,59.0,438098.0,113.0,0.0,0,1,0.0,0.0
tt0360216,15108,The Year of the Yao,2005.0,67,33,69.0,1288.0,88.0,0.0,0,1,1.0,0.0
tt0361467,4597,Confessions of a Teenage Drama Queen,2004.0,14,92,35.0,395530.0,89.0,0.0,0,1,0.0,0.0
tt0361841,9028,Little Black Book,2004.0,22,111,37.0,65766.0,107.0,0.0,0,1,0.0,0.0
tt0362165,12813,Son of the Mask,2005.0,6,105,16.0,38590.0,95.0,0.0,0,1,0.0,1.0
tt0362227,1400,The Terminal,2004.0,61,206,74.0,407867.0,128.0,0.0,0,1,0.0,0.0
tt0362270,8951,The Life Aquatic with Steve Zissou,2004.0,56,222,82.0,210100.0,118.0,0.0,0,1,0.0,1.0
tt0363143,15471,Trauma,2004.0,29,17,25.0,2888.0,93.0,0.0,0,1,0.0,1.0
tt0363589,5633,Elephant,2003.0,73,159,79.0,59136.0,81.0,0.0,0,1,0.0,0.0
tt0364751,16391,Without a Paddle,2004.0,14,126,68.0,408538.0,95.0,0.0,0,1,0.0,0.0
tt0367085,12843,Soul Plane,2004.0,18,100,51.0,60516.0,86.0,0.0,0,1,0.0,0.0
tt0367089,12972,The Squid and the Whale,2005.0,93,151,81.0,78905.0,81.0,1.0,1,1,0.0,0.0
tt0367631,5053,D.E.B.S.,2004.0,39,61,55.0,22082.0,91.0,0.0,0,1,0.0,0.0
tt0368578,1421,Are We There Yet?,2005.0,12,116,45.0,402058.0,95.0,0.0,0,1,0.0,0.0
tt0368975,12662,Sleepover,2004.0,15,101,54.0,87002.0,89.0,0.0,0,1,0.0,0.0
tt0369339,4527,Collateral,2004.0,86,234,84.0,364059.0,122.0,1.0,1,1,0.0,2.0
tt0369436,6298,Four Christmases,2008.0,24,144,47.0,254515.0,89.0,0.0,0,1,0.0,1.0
tt0369735,9967,Monster-in-Law,2005.0,17,168,55.0,433315.0,102.0,0.0,0,1,0.0,1.0
tt0370032,30,Ultraviolet,2006.0,8,83,30.0,279966.0,88.0,0.0,0,1,0.0,0.0
tt0372237,6955,Guess Who,2005.0,42,151,49.0,269572.0,105.0,0.0,0,1,0.0,0.0
tt0372279,6042,Festival Express,2003.0,96,80,85.0,4157.0,85.0,1.0,1,1,0.0,5.0
tt0373051,8278,Journey to the Center of the Earth,2008.0,61,158,51.0,256282.0,93.0,0.0,0,1,0.0,0.0
tt0373416,15690,Underclassman,2005.0,6,83,35.0,39593.0,94.0,0.0,0,1,0.0,1.0
tt0373469,8530,"Kiss Kiss, Bang Bang",2005.0,85,178,87.0,203371.0,102.0,1.0,1,1,0.0,1.0
tt0373889,7116,Harry Potter and the Order of the Phoenix,2007.0,78,250,81.0,2332946.0,138.0,1.0,1,1,0.0,0.0
tt0374536,3324,Bewitched,2005.0,24,186,28.0,215412.0,102.0,0.0,0,1,0.0,0.0
tt0375611,3455,Black,2005.0,67,6,90.0,8305.0,124.0,0.0,0,1,0.0,2.0
tt0376105,11540,Racing Stripes,2005.0,35,99,42.0,60165.0,101.0,0.0,0,1,0.0,1.0
tt0376541,4467,Closer,2004.0,68,209,81.0,242321.0,103.0,0.0,0,1,0.0,1.0
tt0377752,5017,Dear Frankie,2005.0,81,112,91.0,30704.0,102.0,1.0,1,1,1.0,3.0
tt0377818,5504,The Dukes of Hazzard,2005.0,14,169,,,104.0,0.0,0,1,0.0,0.0
tt0379217,4505,Coffee and Cigarettes,2004.0,64,125,75.0,40914.0,96.0,0.0,0,1,1.0,1.0
tt0379270,5552,Easy,2004.0,59,17,48.0,1996.0,98.0,0.0,0,1,1.0,1.0
tt0380066,1514,The Woods,2006.0,71,14,37.0,25325.0,91.0,0.0,0,1,0.0,0.0
tt0380615,10937,Paper Clips,2004.0,72,53,74.0,2704.0,84.0,0.0,0,1,0.0,2.0
tt0381681,3215,Before Sunset,2004.0,95,174,91.0,70918.0,81.0,1.0,1,1,0.0,1.0
tt0381707,16226,White Chicks,2004.0,15,123,55.0,32691607.0,106.0,0.0,0,1,0.0,3.0
tt0382628,4910,Dark Water,2005.0,47,154,28.0,154820.0,105.0,0.0,0,1,0.0,0.0
tt0383010,1683,The Three Stooges,2012.0,51,148,47.0,140525.0,92.0,0.0,0,1,0.0,0.0
tt0383060,16631,Zoom,2006.0,3,66,33.0,11327.0,88.0,0.0,0,1,0.0,5.0
tt0383574,11202,Pirates of the Caribbean: Dead Man's Chest,2006.0,53,225,72.0,1847651.0,151.0,0.0,0,1,0.0,0.0
tt0384488,40,Saint Ralph,2005.0,64,69,85.0,6202.0,98.0,0.0,0,1,1.0,0.0
tt0384642,8434,Kicking & Screaming,2005.0,40,141,43.0,70215.0,94.0,0.0,0,1,0.0,1.0
tt0385002,6907,Green Street Hooligans,2005.0,47,64,87.0,219848.0,106.0,0.0,0,1,0.0,3.0
tt0387575,12279,Seed of Chucky,2004.0,33,76,39.0,140125.0,86.0,0.0,0,1,0.0,1.0
tt0388183,8518,King's Ransom,2005.0,2,50,32.0,6268.0,98.0,0.0,0,1,0.0,3.0
tt0388285,29,Going the Distance,2004.0,0,5,61.0,13032.0,93.0,0.0,0,1,0.0,0.0
tt0388288,10221,My First Wedding,2006.0,0,7,26.0,6094.0,100.0,0.0,0,1,0.0,6.0
tt0388795,3860,Brokeback Mountain,2005.0,87,242,82.0,519655.0,134.0,1.0,1,1,0.0,0.0
tt0389557,3459,Black Book,2007.0,75,155,87.0,37460.0,146.0,1.0,1,1,1.0,1.0
tt0390022,6395,Friday Night Lights,2004.0,81,172,85.0,185760.0,117.0,1.0,1,1,0.0,1.0
tt0393162,4484,Coach Carter,2005.0,64,150,85.0,406635.0,136.0,0.0,0,1,0.0,0.0
tt0396857,12385,Shadowboxer,2005.0,19,57,37.0,65041.0,93.0,0.0,0,1,0.0,0.0
tt0397044,3563,Blood and Chocolate,2007.0,11,74,52.0,158346.0,98.0,0.0,0,1,0.0,0.0
tt0397065,7511,House of Wax,2005.0,26,156,42.0,404526.0,113.0,0.0,0,1,0.0,0.0
tt0397535,9712,Memoirs of a Geisha,2005.0,35,163,83.0,464828.0,105.0,0.0,0,1,0.0,40.0
tt0398808,3823,Bridge to Terabithia,2007.0,85,157,70.0,468456.0,94.0,1.0,1,1,0.0,2.0
tt0398842,13854,The Celestine Prophecy,2006.0,4,23,53.0,19601.0,99.0,0.0,0,1,0.0,0.0
tt0399295,9166,Lord of War,2005.0,62,146,85.0,389972.0,122.0,0.0,0,1,0.0,0.0
tt0401711,10975,Paris Je T'aime,2007.0,87,112,84.0,192556.0,120.0,1.0,1,1,1.0,0.0
tt0401792,12579,Sin City,2005.0,77,250,78.0,32222563.0,124.0,1.0,1,1,0.0,0.0
tt0401815,13440,Tamara,2006.0,32,28,38.0,92213.0,98.0,0.0,0,1,1.0,0.0
tt0402230,6883,The Great New Wonderful,2006.0,73,41,45.0,18687.0,88.0,0.0,0,1,1.0,0.0
tt0402406,10527,The Nomi Song,2005.0,94,35,86.0,1007.0,96.0,1.0,0,1,1.0,2.0
tt0402743,1510,Abominable,2006.0,67,15,40.0,9125.0,94.0,0.0,0,1,0.0,0.0
tt0403016,13291,Supercross,2005.0,5,74,62.0,47223.0,81.0,0.0,0,1,0.0,1.0
tt0404203,9033,Little Children,2006.0,80,161,82.0,95435.0,136.0,1.0,1,1,0.0,1.0
tt0405094,14487,The Lives of Others,2006.0,93,160,96.0,121571.0,138.0,1.0,1,1,0.0,1.0
tt0407265,15447,Transamerica,2006.0,77,139,83.0,68039.0,103.0,1.0,1,1,1.0,0.0
tt0408236,13337,Sweeney Todd: The Demon Barber of Fleet Street,2007.0,85,226,81.0,1695874.0,116.0,1.0,1,1,0.0,0.0
tt0408345,6124,Firewall,2006.0,18,158,37.0,268339.0,105.0,0.0,0,1,0.0,0.0
tt0408524,2980,Bad News Bears,2005.0,48,161,46.0,76676.0,113.0,0.0,0,1,0.0,0.0
tt0408777,14023,The Edukators,2005.0,70,76,89.0,22713.0,124.0,0.0,0,1,1.0,3.0
tt0409011,9288,Lovewrecked,,17,6,,,86.0,0.0,0,1,,1.0
tt0410097,7597,Hustle & Flow,2005.0,82,158,83.0,120142.0,116.0,1.0,1,1,0.0,0.0
tt0410407,10811,Orwell Rolls in His Grave,2003.0,79,24,91.0,1177.0,103.0,1.0,0,1,0.0,19.0
tt0411061,1982,88 Minutes,2008.0,5,122,44.0,103906.0,107.0,0.0,0,1,1.0,1.0
tt0411195,1461,Breakfast on Pluto,2005.0,57,120,80.0,85983.0,129.0,0.0,0,1,0.0,1.0
tt0411646,1558,Michael Moore Hates America,2004.0,75,8,60.0,2571.0,95.0,1.0,0,1,0.0,30.0
tt0412019,3866,Broken Flowers,2005.0,87,194,70.0,95450.0,106.0,1.0,1,1,0.0,0.0
tt0412922,9044,Little Manhattan,2005.0,77,30,86.0,22746.0,90.0,1.0,0,1,0.0,6.0
tt0415855,7477,Hotel,2003.0,41,27,31.0,1421.0,109.0,0.0,0,1,1.0,33.0
tt0415978,9658,Me and You and Everyone We Know,2005.0,82,118,84.0,46660.0,90.0,1.0,1,1,0.0,1.0
tt0416320,9608,Match Point,2005.0,76,216,81.0,250601.0,124.0,1.0,1,1,0.0,0.0
tt0419946,9545,The Marine,2006.0,20,46,60.0,288969.0,92.0,0.0,0,1,0.0,0.0
tt0419984,10095,Mr. Woodcock,2007.0,13,110,32.0,246592.0,87.0,0.0,0,1,0.0,0.0
tt0420223,13169,Stranger Than Fiction,2006.0,72,174,85.0,401878.0,113.0,0.0,1,1,0.0,0.0
tt0420757,9438,Man About Town,2006.0,38,8,29.0,5559.0,99.0,0.0,0,1,0.0,3.0
tt0421082,4620,Control,2007.0,88,113,89.0,48445.0,122.0,1.0,1,1,0.0,0.0
tt0421715,4795,The Curious Case of Benjamin Button,2008.0,71,247,80.0,690447.0,166.0,0.0,1,1,0.0,0.0
tt0421729,1465,Big Momma's House 2,2006.0,6,72,58.0,564724.0,97.0,0.0,0,1,0.0,2.0
tt0422093,5197,Diary of a Mad Black Woman,2005.0,16,114,87.0,89152.0,103.0,0.0,0,1,0.0,13.0
tt0422401,7129,Hatchet,2006.0,52,46,45.0,13757.0,84.0,0.0,0,1,0.0,9.0
tt0422779,10153,"Murder, Set, Pieces",2004.0,36,11,25.0,2263.0,83.0,0.0,0,1,0.0,22.0
tt0424345,4448,Clerks II,2006.0,63,162,84.0,285761.0,97.0,0.0,0,1,0.0,0.0
tt0424823,3010,Balls of Fury,2007.0,22,130,32.0,323994.0,90.0,0.0,0,1,0.0,0.0
tt0424863,1667,The Book of Revelation,,69,13,42.0,1348.0,117.0,0.0,0,1,,1.0
tt0424993,5676,Employee of the Month,2006.0,20,91,53.0,422007.0,108.0,0.0,0,1,0.0,5.0
tt0425112,7470,Hot Fuzz,2007.0,91,203,89.0,565552.0,121.0,1.0,1,1,0.0,0.0
tt0425210,9306,Lucky Number Slevin,2006.0,51,154,87.0,336771.0,110.0,0.0,0,1,0.0,0.0
tt0426931,2875,August Rush,2007.0,36,125,82.0,229219.0,114.0,0.0,0,1,0.0,0.0
tt0427089,4598,Confetti,2006.0,57,76,48.0,20378.0,100.0,0.0,0,1,0.0,0.0
tt0427152,5225,Dinner for Schmucks,2010.0,41,189,42.0,119406.0,114.0,0.0,0,1,0.0,0.0
tt0427229,5907,Failure to Launch,2006.0,24,150,52.0,438380.0,96.0,0.0,0,1,0.0,1.0
tt0427309,6877,The Great Debaters,2007.0,79,130,86.0,116767.0,127.0,1.0,1,1,0.0,1.0
tt0427944,13555,Thank You for Smoking,2006.0,86,179,87.0,258515.0,95.0,1.0,1,1,1.0,3.0
tt0428251,1448,Venom,2005.0,11,62,21.0,17631.0,85.0,0.0,0,1,0.0,2.0
tt0429573,2538,An American Haunting,2006.0,13,69,36.0,89096.0,91.0,0.0,0,1,1.0,8.0
tt0429591,2755,Aquamarine,2006.0,51,88,61.0,296529.0,103.0,0.0,0,1,0.0,7.0
tt0430308,6571,Get Rich or Die Tryin',2005.0,16,120,70.0,298052.0,116.0,0.0,0,1,0.0,1.0
tt0430576,14836,The Secret Life of Words,2006.0,69,39,86.0,7221.0,112.0,0.0,0,1,1.0,3.0
tt0430779,5817,Everyone's Hero,2006.0,42,69,44.0,76595.0,87.0,0.0,0,1,0.0,0.0
tt0430912,3068,Basic Instinct 2,2006.0,7,153,26.0,89113.0,117.0,0.0,0,1,0.0,3.0
tt0432291,6224,The Fog,2005.0,4,70,19.0,228575.0,100.0,0.0,0,1,0.0,0.0
tt0433383,1452,"Good Night, And Good Luck",2005.0,93,223,83.0,142685.0,90.0,1.0,1,1,0.0,3.0
tt0433386,6943,The Grudge 2,2006.0,12,76,40.0,253374.0,102.0,0.0,0,1,0.0,0.0
tt0433416,10289,The Namesake,2006.0,86,133,79.0,64282.0,122.0,1.0,1,1,0.0,0.0
tt0433442,11756,The Return,2006.0,16,56,32.0,192208.0,85.0,0.0,0,1,0.0,0.0
tt0435761,15415,Toy Story 3,2010.0,98,305,89.0,606931.0,103.0,1.0,1,1,0.0,0.0
tt0436629,10390,New York Doll,2005.0,90,51,89.0,4051.0,78.0,1.0,1,1,0.0,3.0
tt0436697,11495,The Queen,2006.0,96,197,76.0,175549.0,103.0,1.0,1,1,0.0,0.0
tt0436971,1472,Why We Fight,2006.0,79,112,88.0,67634.0,98.0,1.0,1,1,1.0,0.0
tt0438205,9349,Mad Hot Ballroom,2005.0,84,121,83.0,8365.0,110.0,1.0,1,1,0.0,5.0
tt0438427,12536,Side Effects,2005.0,11,9,29.0,865.0,90.0,0.0,0,1,0.0,0.0
tt0440963,3727,The Bourne Ultimatum,2007.0,92,264,91.0,1922540.0,115.0,1.0,1,1,0.0,0.0
tt0441773,8606,Kung Fu Panda,2008.0,87,185,82.0,585078.0,88.0,1.0,1,1,0.0,4.0
tt0443295,16586,"Yours, Mine & Ours",2005.0,6,107,51.0,398037.0,88.0,0.0,0,1,0.0,0.0
tt0443431,2694,Another Gay Movie,2006.0,40,5,61.0,33352.0,94.0,0.0,0,1,0.0,2.0
tt0445990,7981,Invincible,2006.0,72,134,73.0,87611.0,104.0,0.0,0,1,0.0,1.0
tt0446055,14972,The Trials of Darryl Hunt,2007.0,100,11,88.0,2203.0,113.0,1.0,0,1,1.0,7.0
tt0446719,8024,Isolation,2006.0,64,11,35.0,2814.0,95.0,0.0,0,1,1.0,0.0
tt0448134,13273,Sunshine,2007.0,76,168,73.0,168264.0,107.0,1.0,1,1,0.0,0.0
tt0449059,9048,Little Miss Sunshine,2006.0,91,214,91.0,426942.0,110.0,1.0,1,1,0.0,9.0
tt0449487,151,Passengers,2008.0,19,31,35.0,29506.0,93.0,0.0,0,1,0.0,0.0
tt0450259,3569,Blood Diamond,2006.0,63,216,90.0,568615.0,143.0,0.0,0,1,0.0,0.0
tt0450336,1582,Blood Creek,2009.0,43,7,30.0,2020.0,90.0,0.0,0,1,0.0,0.0
tt0450345,15070,The Wicker Man,2006.0,15,107,17.0,88555.0,106.0,0.0,0,1,0.0,4.0
tt0450405,15803,Cirque du Freak: The Vampire's Assistant,2009.0,38,139,42.0,495110.0,109.0,0.0,0,1,0.0,10.0
tt0451069,6829,The Gospel,2005.0,32,37,75.0,16168.0,103.0,0.0,0,1,0.0,2.0
tt0452039,9836,Mind Game,2004.0,100,10,93.0,3371.0,104.0,1.0,0,1,0.0,1.0
tt0452598,4260,Cheaper by the Dozen 2,2005.0,6,94,57.0,568248.0,93.0,0.0,0,1,0.0,1.0
tt0452625,6789,Good Luck Chuck,2007.0,5,115,57.0,318758.0,101.0,0.0,0,1,0.0,0.0
tt0452694,15295,The Time Traveler's Wife,2009.0,39,158,59.0,982849.0,108.0,0.0,0,1,0.0,1.0
tt0453494,7439,Hoot,2006.0,26,98,55.0,76429.0,91.0,0.0,0,1,0.0,4.0
tt0455499,6511,Garfield: A Tail of Two Kitties,2006.0,11,74,43.0,105567.0,78.0,0.0,0,1,0.0,4.0
tt0455590,8733,The Last King of Scotland,2006.0,87,184,89.0,257983.0,123.0,1.0,1,1,0.0,0.0
tt0455612,9371,Madea's Family Reunion,2006.0,25,57,94.0,40200.0,107.0,0.0,0,1,0.0,0.0
tt0455857,16171,When a Stranger Calls,2006.0,9,93,44.0,477400.0,87.0,0.0,0,1,0.0,0.0
tt0457430,10927,Pan's Labyrinth,2006.0,95,232,91.0,636214.0,115.0,1.0,1,1,0.0,3.0
tt0457496,62,Street Fight,2005.0,100,22,93.0,2988.0,86.0,1.0,0,1,0.0,3.0
tt0460766,94,Deep Water,2006.0,96,55,87.0,4961.0,93.0,1.0,1,1,0.0,0.0
tt0460791,13595,The Fall,2006.0,61,108,85.0,103842.0,117.0,0.0,0,1,0.0,0.0
tt0461694,6304,Four Minutes,2007.0,75,24,85.0,3762.0,112.0,1.0,0,1,1.0,0.0
tt0462229,4501,Code Name: The Cleaner,2007.0,4,83,38.0,38618.0,91.0,0.0,0,1,0.0,7.0
tt0462244,4828,Daddy Day Camp,2007.0,1,79,38.0,160279.0,85.0,0.0,0,1,0.0,4.0
tt0462396,8736,The Last Legion,2007.0,15,55,34.0,94761.0,101.0,0.0,0,1,0.0,0.0
tt0462579,15477,The Treatment,2006.0,68,41,33.0,1660.0,86.0,0.0,0,1,0.0,0.0
tt0464061,11684,I'm Reed Fish,2007.0,52,21,41.0,5705.0,93.0,0.0,0,1,1.0,0.0
tt0465142,2524,American Dreamz,2006.0,38,182,31.0,96075.0,108.0,0.0,0,1,0.0,1.0
tt0466342,1471,Date Movie,2006.0,7,87,35.0,513821.0,88.0,0.0,0,1,0.0,5.0
tt0468094,11878,The Road To Guantanamo,2006.0,86,97,83.0,27047.0,95.0,1.0,1,1,0.0,0.0
tt0469062,4876,Danika,2006.0,29,7,32.0,2112.0,79.0,0.0,0,1,1.0,1.0
tt0469494,15133,There Will Be Blood,2007.0,91,231,86.0,254777.0,158.0,1.0,1,1,0.0,0.0
tt0469623,15169,Things We Lost in the Fire,2007.0,65,128,73.0,30861.0,118.0,0.0,0,1,0.0,0.0
tt0469903,1566,The Express,2008.0,61,118,75.0,820195.0,130.0,0.0,0,1,0.0,0.0
tt0473360,6689,Goal II: Living the Dream,2007.0,39,18,62.0,24448.0,115.0,0.0,0,1,0.0,0.0
tt0473705,1597,State of Play,2009.0,84,213,73.0,124258.0,127.0,1.0,1,1,0.0,0.0
tt0473753,2651,Angel-A,2005.0,45,88,74.0,95445.0,90.0,0.0,0,1,0.0,1.0
tt0475276,15719,United 93,2006.0,90,210,83.0,129248.0,111.0,1.0,1,1,0.0,0.0
tt0475783,16087,Welcome to Dongmakgol,2005.0,86,7,92.0,3711.0,133.0,1.0,0,1,0.0,0.0
tt0475944,4676,The Covenant,2006.0,4,73,62.0,399893.0,97.0,0.0,0,1,0.0,0.0
tt0475998,11206,The Pirates Who Don't Do Anything: A VeggieTales Movie,2008.0,41,34,61.0,79570.0,85.0,0.0,0,1,0.0,0.0
tt0477139,16476,Wristcutters: A Love Story,2007.0,67,92,82.0,32453.0,91.0,0.0,0,1,1.0,3.0
tt0478126,4784,Cthulhu,2008.0,62,13,28.0,779.0,109.0,0.0,0,1,1.0,9.0
tt0479143,11930,Rocky Balboa,2006.0,77,180,76.0,515230.0,101.0,1.0,1,1,0.0,1.0
tt0479500,10290,Nancy Drew,2007.0,50,137,59.0,150436.0,98.0,0.0,0,1,0.0,1.0
tt0479968,10742,One Missed Call,2008.0,0,80,29.0,61705.0,87.0,0.0,0,1,0.0,0.0
tt0480249,7619,I Am Legend,2007.0,68,213,68.0,1129654.0,100.0,0.0,0,1,0.0,1.0
tt0482461,3060,Barry Munday,2010.0,43,14,36.0,2417.0,98.0,0.0,0,1,0.0,3.0
tt0482571,11347,The Prestige,2006.0,76,197,92.0,550735.0,130.0,1.0,1,1,0.0,0.0
tt0482629,15642,The Ultimate Gift,2006.0,32,59,84.0,40077.0,117.0,0.0,0,1,0.0,1.0
tt0484111,6796,The Good Night,2007.0,31,42,33.0,5275.0,93.0,0.0,0,1,0.0,0.0
tt0485985,11644,Red Tails,2012.0,40,132,58.0,47413.0,120.0,0.0,0,1,0.0,5.0
tt0486358,8176,Jesus Camp,2006.0,87,103,80.0,67553.0,86.0,1.0,1,1,0.0,2.0
tt0486655,13022,Stardust,2007.0,77,192,86.0,468329.0,127.0,1.0,1,1,0.0,0.0
tt0486674,16143,What Just Happened?,2008.0,50,141,22.0,12699.0,113.0,0.0,0,1,0.0,9.0
tt0486946,16304,Wild Hogs,2007.0,14,142,61.0,395692.0,99.0,0.0,0,1,0.0,1.0
tt0488658,15650,Unaccompanied Minors,2006.0,29,89,53.0,45482.0,89.0,0.0,0,1,0.0,1.0
tt0489225,144,Man in the Chair,2007.0,49,35,68.0,931.0,107.0,0.0,0,1,0.0,0.0
tt0489282,13164,Strange Wilderness,2008.0,2,46,35.0,110183.0,87.0,0.0,0,1,0.0,0.0
tt0489327,15833,Venus,2006.0,89,151,74.0,11450.0,95.0,1.0,1,2,0.0,0.0
tt0490196,11134,Phat Girlz,2006.0,22,46,65.0,67230.0,99.0,0.0,0,1,0.0,0.0
tt0492487,12693,Small Town Gay Bar,2007.0,100,5,69.0,1648.0,81.0,1.0,0,1,1.0,5.0
tt0492496,15156,Thin,2006.0,100,7,84.0,1417.0,105.0,1.0,0,1,0.0,3.0
tt0494864,1575,Tenderness,2008.0,40,15,22.0,1766.0,101.0,0.0,0,1,1.0,0.0
tt0497116,7871,An Inconvenient Truth,2006.0,93,163,79.0,119828.0,100.0,1.0,1,1,0.0,4.0
tt0497316,2257,Adrift in Manhattan,2007.0,44,9,33.0,804.0,93.0,0.0,0,1,0.0,2.0
tt0498380,8915,Letters from Iwo Jima,2006.0,91,201,86.0,341026.0,142.0,1.0,1,1,0.0,1.0
tt0499375,6974,Guru,2007.0,83,12,84.0,7768.0,161.0,1.0,0,1,0.0,1.0
tt0499549,2896,Avatar,2009.0,82,308,82.0,1381988.0,162.0,1.0,1,1,0.0,0.0
tt0499570,79,Slipstream,2007.0,25,40,29.0,3520.0,96.0,0.0,0,1,0.0,0.0
tt0756725,16194,Where God Left His Shoes,2007.0,67,12,71.0,435.0,96.0,0.0,0,1,0.0,0.0
tt0758758,7966,Into the Wild,2007.0,83,196,89.0,179280.0,148.0,1.0,1,1,0.0,0.0
tt0758771,10862,Outlaw,2007.0,21,19,52.0,8223.0,104.0,0.0,0,1,0.0,1.0
tt0762114,1529,License to Wed,2007.0,7,124,53.0,512641.0,91.0,0.0,0,1,0.0,0.0
tt0762138,13387,Syrup,2013.0,25,8,36.0,2193.0,90.0,0.0,0,1,0.0,0.0
tt0763304,1474,Doogal,2006.0,8,49,22.0,91454.0,79.0,0.0,0,1,0.0,6.0
tt0763831,2147,A Thousand Words,2012.0,0,57,47.0,74883.0,91.0,0.0,0,1,0.0,0.0
tt0768218,10266,The Mysteries of Pittsburgh,2009.0,12,42,23.0,2388.0,95.0,0.0,0,1,1.0,0.0
tt0770802,12107,Samsara,2012.0,76,78,87.0,12458.0,99.0,1.0,1,1,1.0,3.0
tt0770810,7533,How She Move,2008.0,65,78,51.0,32696.0,91.0,0.0,0,1,1.0,3.0
tt0774755,10650,Offside,2006.0,94,83,74.0,5841.0,91.0,1.0,1,1,0.0,12.0
tt0779982,3492,Black Sheep,2006.0,71,94,53.0,42868.0,87.0,0.0,0,1,0.0,0.0
tt0780486,3618,Blue State,2007.0,40,5,34.0,1787.0,90.0,0.0,0,1,0.0,2.0
tt0780504,5467,Drive,2011.0,92,258,79.0,118225.0,100.0,1.0,1,1,0.0,0.0
tt0780521,1626,The Princess and the Frog,2009.0,85,193,74.0,261055.0,95.0,1.0,1,1,0.0,2.0
tt0780622,13503,Teeth,2007.0,80,69,45.0,34873.0,93.0,1.0,1,1,0.0,1.0
tt0783233,2861,Atonement,2007.0,83,215,80.0,227029.0,123.0,1.0,1,1,0.0,0.0
tt0784972,3897,The Brothers Solomon,2007.0,15,73,31.0,56496.0,93.0,0.0,0,1,0.0,0.0
tt0785007,1583,Over Her Dead Body,2008.0,15,108,42.0,143681.0,95.0,0.0,0,1,0.0,0.0
tt0787524,14539,The Man Who Knew Infinity,2016.0,62,127,71.0,10885.0,108.0,0.0,0,1,1.0,0.0
tt0790618,11707,Remember the Daze,2008.0,0,6,47.0,1466.0,101.0,0.0,0,1,1.0,0.0
tt0790706,4704,Crazy Love,2007.0,78,88,73.0,5643.0,92.0,1.0,1,1,0.0,2.0
tt0795368,5025,Death at a Funeral,2007.0,62,130,79.0,65033.0,90.0,0.0,0,1,0.0,0.0
tt0796307,15683,Under the Same Moon,2008.0,73,94,82.0,32550.0,109.0,0.0,0,1,1.0,3.0
tt0796368,13434,Talk to Me,2007.0,82,130,77.0,41542.0,118.0,1.0,1,1,0.0,0.0
tt0800003,5100,Delta Farce,2007.0,5,44,38.0,166412.0,89.0,0.0,0,1,0.0,1.0
tt0800039,6277,Forgetting Sarah Marshall,2008.0,83,184,76.0,641342.0,118.0,1.0,1,1,0.0,7.0
tt0800069,7341,The Hills Have Eyes 2,2007.0,12,67,40.0,444137.0,90.0,0.0,0,1,0.0,1.0
tt0800320,4431,Clash of the Titans,2010.0,27,263,40.0,283823.0,106.0,0.0,0,1,0.0,0.0
tt0800956,8955,Life in a... Metro,2007.0,40,5,78.0,5386.0,130.0,0.0,0,1,0.0,2.0
tt0805564,1535,Lars and the Real Girl,2007.0,81,137,84.0,105665.0,106.0,1.0,1,1,0.0,0.0
tt0808357,9321,"Lust, Caution",2007.0,72,147,84.0,51308.0,158.0,0.0,0,1,0.0,1.0
tt0809504,2217,The Accidental Husband,2009.0,6,17,36.0,163705.0,91.0,0.0,0,1,1.0,1.0
tt0811128,15565,Turn the River,2008.0,60,20,44.0,775.0,92.0,0.0,0,1,1.0,0.0
tt0813547,13915,The Counterfeiters,2007.0,94,126,88.0,21289.0,99.0,1.0,1,1,0.0,0.0
tt0814075,5094,Deliver Us from Evil,2006.0,100,72,89.0,19390.0,101.0,1.0,1,1,0.0,0.0
tt0814255,0,Percy Jackson & the Olympians: The Lightning Thief,2010.0,49,144,53.0,254287.0,83.0,0.0,0,1,0.0,35.0
tt0816442,13792,The Book Thief,2013.0,47,146,73.0,50157.0,130.0,0.0,0,1,0.0,1.0
tt0816692,7948,Interstellar,2014.0,72,350,85.0,174493.0,169.0,0.0,1,1,0.0,0.0
tt0817177,6196,Flipped,2010.0,55,75,78.0,20144.0,89.0,0.0,0,1,0.0,1.0
tt0817538,5464,Drillbit Taylor,2008.0,26,145,44.0,97974.0,101.0,0.0,0,1,0.0,9.0
tt0822847,155,Priest,2011.0,15,99,46.0,86566.0,83.0,0.0,0,1,0.0,4.0
tt0822868,9418,Make It Happen,2008.0,22,18,40.0,13107.0,90.0,0.0,0,1,0.0,0.0
tt0827181,7307,Hide,2008.0,83,12,51.0,310.0,90.0,1.0,0,1,0.0,7.0
tt0827517,1632,Reprise,2006.0,88,80,84.0,5022.0,105.0,1.0,1,1,0.0,0.0
tt0831887,14888,The Spirit,2008.0,14,112,25.0,122630.0,102.0,0.0,0,1,0.0,1.0
tt0833476,8185,Jhoom Barabar Jhoom,2007.0,46,13,39.0,6253.0,138.0,0.0,0,1,0.0,0.0
tt0835418,13711,The Babymakers,2012.0,8,50,22.0,4442.0,93.0,0.0,0,1,0.0,2.0
tt0837791,5175,The Devil's Chair,,60,5,33.0,814.0,91.0,0.0,0,1,,0.0
tt0840322,196,Forever Strong,2008.0,29,21,75.0,9882.0,109.0,0.0,0,1,0.0,3.0
tt0840361,14962,The Town,2010.0,93,227,85.0,141864.0,151.0,1.0,1,1,0.0,26.0
tt0841032,137,The Perfect Holiday,2007.0,16,57,52.0,159641.0,96.0,0.0,0,1,0.0,0.0
tt0841119,8684,Lake of Fire,2007.0,94,54,91.0,3083.0,152.0,1.0,1,1,1.0,0.0
tt0847817,7254,Helvetica,2007.0,88,17,80.0,6345.0,80.0,1.0,0,1,0.0,0.0
tt0857191,126,The Visitor,2008.0,89,118,84.0,127066.0,104.0,1.0,1,1,1.0,0.0
tt0865554,132,The Informers,2009.0,12,105,18.0,18503.0,98.0,0.0,0,1,1.0,0.0
tt0866439,9368,Made of Honor,2008.0,15,123,55.0,399396.0,101.0,0.0,0,1,0.0,0.0
tt0870111,6437,Frost/Nixon,2008.0,93,256,88.0,109771.0,123.0,1.0,1,1,0.0,1.0
tt0878804,1741,The Blind Side,2009.0,66,201,85.0,431681.0,129.0,0.0,0,1,0.0,0.0
tt0881320,12111,Sanctum,2011.0,30,167,37.0,38274.0,103.0,0.0,0,1,0.0,5.0
tt0881891,2414,All About Steve,2009.0,6,139,30.0,465570.0,99.0,0.0,0,1,0.0,0.0
tt0887719,3560,Blonde Ambition,2007.0,14,7,22.0,4291.0,92.0,0.0,0,1,0.0,1.0
tt0887912,14310,The Hurt Locker,2009.0,97,282,84.0,95893.0,131.0,1.0,1,1,1.0,0.0
tt0889134,6098,Finding Amanda,2008.0,40,43,28.0,2418.0,90.0,0.0,0,1,0.0,6.0
tt0891592,13181,Street Fighter: The Legend of Chun-Li,2009.0,5,61,18.0,207433.0,97.0,0.0,0,1,0.0,1.0
tt0892767,7458,Horsemen,2009.0,33,6,25.0,14729.0,90.0,0.0,0,1,0.0,0.0
tt0893412,6425,From Prada to Nada,2011.0,20,20,41.0,14297.0,106.0,0.0,0,1,0.0,1.0
tt0897361,7661,I Know Who Killed Me,2007.0,9,77,26.0,142854.0,106.0,0.0,0,1,0.0,0.0
tt0901476,3816,Bride Wars,2009.0,11,144,51.0,375984.0,89.0,0.0,0,1,0.0,0.0
tt0903624,14253,The Hobbit: An Unexpected Journey,2012.0,64,298,83.0,482887.0,170.0,0.0,0,1,0.0,1.0
tt0907657,10706,Once,2007.0,97,157,91.0,190990.0,86.0,1.0,1,1,0.0,0.0
tt0910885,2092,A Merry Friggin' Christmas,2014.0,14,21,21.0,2728.0,88.0,0.0,0,1,0.0,0.0
tt0912580,5170,The Devil Came on Horseback,2007.0,98,51,90.0,4379.0,85.0,1.0,1,1,0.0,3.0
tt0912583,6256,For the Bible Tells Me So,2007.0,98,50,90.0,4422.0,101.0,1.0,1,1,0.0,6.0
tt0912585,1536,Ghosts of Abu Ghraib,2007.0,100,10,91.0,1170.0,78.0,1.0,0,1,0.0,0.0
tt0913425,3864,Broken Embraces,2009.0,81,154,75.0,20504.0,128.0,1.0,1,1,0.0,1.0
tt0914837,1935,44 Inch Chest,2010.0,41,81,36.0,13569.0,94.0,0.0,0,1,1.0,1.0
tt0922642,15374,Tooth and Nail,2007.0,33,6,22.0,2697.0,94.0,0.0,0,1,0.0,0.0
tt0926084,7112,Harry Potter and the Deathly Hallows - Part 1,2010.0,77,276,85.0,351353.0,146.0,1.0,1,1,0.0,0.0
tt0929809,13878,The Class,2008.0,96,158,82.0,12566.0,128.0,1.0,1,1,1.0,28.0
tt0936471,15463,Transylmania,2009.0,0,21,21.0,2310.0,92.0,0.0,0,1,0.0,0.0
tt0938330,12552,Silent Hill: Revelation,2012.0,10,60,35.0,42259.0,94.0,0.0,0,1,0.0,1.0
tt0949564,15572,Tuya's Marriage,2006.0,92,39,83.0,1846.0,96.0,1.0,0,1,0.0,10.0
tt0949815,10093,Mr. Warmth: The Don Rickles Project,2008.0,80,5,79.0,1099.0,90.0,1.0,0,1,1.0,1.0
tt0951216,1572,Mad Money,2008.0,22,105,48.0,135218.0,103.0,0.0,0,1,0.0,1.0
tt0959306,11612,Reach Me,2014.0,4,23,48.0,557.0,95.0,0.0,0,1,0.0,0.0
tt0959337,11793,Revolutionary Road,2008.0,67,210,71.0,106826.0,119.0,0.0,0,1,0.0,0.0
tt0960066,3500,The Black Waters of Echo's Pond,2010.0,22,18,18.0,1051.0,92.0,0.0,0,1,1.0,3.0
tt0962736,16574,The Young Victoria,2009.0,77,155,74.0,164705.0,105.0,1.0,1,1,0.0,0.0
tt0963794,14806,The Ruins,2008.0,48,95,30.0,530432.0,90.0,0.0,0,1,0.0,0.0
tt0964517,14069,The Fighter,2010.0,91,243,89.0,121321.0,115.0,1.0,1,1,0.0,1.0
tt0976238,173,Old Dogs,2009.0,5,109,44.0,182878.0,88.0,0.0,0,1,0.0,0.0
tt0976247,13311,"Surfer, Dude",2008.0,0,18,26.0,7446.0,83.0,0.0,0,1,0.0,2.0
tt0977648,5802,Every Little Step,2009.0,92,96,88.0,3031.0,93.0,1.0,1,1,1.0,3.0
tt0978759,6439,Frozen River,2008.0,88,135,74.0,85860.0,97.0,1.0,1,1,0.0,0.0
tt0979434,267,Lottery Ticket,2010.0,35,81,44.0,29992.0,99.0,0.0,0,1,0.0,0.0
tt0984200,7862,Incendiary,2009.0,20,25,34.0,3714.0,96.0,0.0,0,1,1.0,0.0
tt0985593,1606,Miss Conception,2008.0,8,12,19.0,45598.0,94.0,0.0,0,1,0.0,10.0
tt0986233,7584,Hunger,2008.0,90,127,83.0,74257.0,92.0,1.0,1,1,0.0,4.0
tt0988045,12450,Sherlock Holmes,2009.0,69,242,77.0,769180.0,129.0,0.0,0,1,0.0,1.0
tt0988849,5337,Donkey Punch,2008.0,52,52,24.0,12577.0,90.0,0.0,0,1,0.0,9.0
tt0990407,6900,The Green Hornet,2011.0,44,233,43.0,116318.0,119.0,0.0,0,1,0.0,0.0
tt0995740,1591,No Smoking,2007.0,46,13,62.0,1710.0,127.0,0.0,0,1,0.0,1.0
tt0995868,11056,Pelé: Birth of a Legend,2016.0,30,30,68.0,1522.0,107.0,0.0,0,1,0.0,0.0
tt0996605,9267,Love Songs,2008.0,61,57,78.0,6074.0,95.0,0.0,0,1,1.0,4.0
tt0997047,4529,College Road Trip,2008.0,12,73,50.0,191376.0,82.0,0.0,0,1,0.0,1.0
tt1001562,16394,Witless Protection,2008.0,4,28,46.0,11421.0,97.0,0.0,0,1,0.0,2.0
tt1002563,15115,The Young Messiah,2016.0,46,37,65.0,5938.0,103.0,0.0,0,1,0.0,8.0
tt10050782,6861,Grass Is Greener,,100,7,,,97.0,1.0,0,1,,0.0
tt1007950,5223,Diminished Capacity,2008.0,35,31,37.0,27665.0,87.0,0.0,0,1,0.0,5.0
tt1010048,12683,Slumdog Millionaire,2008.0,91,284,90.0,1155518.0,121.0,1.0,1,1,0.0,1.0
tt1014774,12473,A Shine of Rainbows,2010.0,44,9,70.0,660.0,100.0,0.0,0,1,1.0,1.0
tt1014775,96,Beverly Hills Chihuahua,2008.0,40,97,52.0,186544.0,91.0,0.0,0,1,0.0,0.0
tt1014809,15741,Until the Light Takes Us,2009.0,46,24,57.0,898.0,93.0,0.0,0,1,1.0,0.0
tt1016164,4596,Confessions of a Superhero,2007.0,100,12,73.0,3214.0,93.0,1.0,0,1,0.0,1.0
tt1016241,12943,Splintered,,25,8,10.0,192.0,85.0,0.0,0,1,,0.0
tt1016268,5714,Enron: The Smartest Guys in the Room,2005.0,97,119,87.0,32514.0,110.0,1.0,1,1,0.0,0.0
tt1020072,12289,Selma,2014.0,99,301,86.0,61321.0,127.0,1.0,1,1,0.0,1.0
tt1023490,7738,Il Divo,2009.0,92,49,80.0,4440.0,117.0,1.0,1,1,1.0,7.0
tt1028532,6989,Hachi: A Dog's Tale,2009.0,64,28,84.0,14712.0,93.0,0.0,0,1,0.0,0.0
tt1028576,12267,Secretariat,2010.0,63,151,76.0,49936.0,116.0,0.0,0,1,0.0,7.0
tt1029231,8594,Krrish 3,2013.0,69,13,52.0,2035.0,150.0,0.0,0,1,0.0,2.0
tt1029360,11283,Poltergeist,2015.0,31,129,22.0,36994.0,93.0,0.0,0,1,0.0,0.0
tt1032755,11927,RocknRolla,2008.0,60,147,71.0,56766.0,114.0,0.0,0,1,0.0,0.0
tt1032815,1651,I Love You Beth Cooper,2009.0,13,119,32.0,264238.0,102.0,0.0,0,1,0.0,0.0
tt1032821,1702,Tyson,2009.0,85,144,79.0,6989.0,90.0,1.0,1,1,1.0,0.0
tt10333426,1122,Bliss,1997.0,46,13,54.0,1185.0,103.0,0.0,0,1,1.0,0.0
tt1034032,6493,Gamer,2009.0,30,80,39.0,251878.0,95.0,0.0,0,1,0.0,0.0
tt1034419,16237,White Lightnin',2009.0,81,16,72.0,587.0,84.0,1.0,0,1,0.0,8.0
tt1046163,100,My Best Friend's Girl,2008.0,14,59,46.0,86580.0,101.0,0.0,0,1,0.0,0.0
tt1046173,6613,G.I. Joe: The Rise of Cobra,2009.0,34,166,50.0,995900.0,118.0,0.0,0,1,0.0,0.0
tt1047007,16576,Young@Heart,2007.0,88,104,91.0,5402.0,107.0,1.0,1,1,0.0,0.0
tt1049400,236,Outrage,2009.0,78,60,76.0,6681.0,90.0,1.0,1,1,0.0,0.0
tt1050739,11889,Roadside Romeo,2008.0,50,6,49.0,568.0,93.0,0.0,0,1,0.0,0.0
tt1057500,7980,Invictus,2009.0,76,242,75.0,211875.0,134.0,1.0,1,1,0.0,0.0
tt1058743,11350,Pretty Bird,2008.0,20,5,17.0,405.0,96.0,0.0,0,1,0.0,24.0
tt1059836,15456,Transit,2012.0,50,8,30.0,750.0,88.0,0.0,0,1,0.0,0.0
tt1064932,16103,Welcome to the Sticks,2008.0,67,9,78.0,21976.0,106.0,0.0,0,1,0.0,0.0
tt1068646,13878,The Class,2008.0,96,158,82.0,12566.0,128.0,1.0,1,1,0.0,0.0
tt1075747,8261,Jonah Hex,2010.0,12,150,20.0,170670.0,84.0,0.0,0,1,0.0,3.0
tt1078188,3734,Boy A,2007.0,88,59,87.0,36138.0,99.0,1.0,1,1,0.0,3.0
tt1078940,4669,Couples Retreat,2009.0,10,162,39.0,293605.0,107.0,0.0,0,1,0.0,6.0
tt1079980,1757,Death in Love,2009.0,47,19,34.0,10943.0,96.0,0.0,0,1,1.0,1.0
tt1086216,15660,Uncertainty,2009.0,50,26,33.0,2482.0,101.0,0.0,0,1,1.0,0.0
tt10915286,13509,Tell Me Who I Am,2019.0,96,23,90.0,31.0,85.0,1.0,0,1,0.0,1.0
tt1092005,6764,Golmaal Returns,2008.0,0,6,33.0,1843.0,135.0,0.0,0,1,0.0,0.0
tt1093842,1622,My Winnipeg,2007.0,95,91,77.0,4100.0,80.0,1.0,1,1,0.0,0.0
tt1095442,6809,Goodbye Solo,2009.0,94,108,82.0,4930.0,91.0,1.0,1,1,1.0,0.0
tt1100051,3275,Bereavement,2011.0,44,18,29.0,2957.0,103.0,0.0,0,1,1.0,6.0
tt1103153,8470,Killers,2010.0,10,107,41.0,139429.0,100.0,0.0,0,1,0.0,0.0
tt1103273,11050,Peep World,2011.0,25,28,22.0,8619.0,79.0,0.0,0,1,1.0,0.0
tt1103982,6651,The Girlfriend Experience,2009.0,67,139,35.0,33122.0,77.0,0.0,0,1,0.0,0.0
tt1114677,7045,Hannah Montana: The Movie,2009.0,43,132,67.0,379867.0,92.0,0.0,0,1,0.0,10.0
tt1119646,211,The Hangover,2009.0,78,238,84.0,942870.0,100.0,1.0,1,1,0.0,0.0
tt1120985,3622,Blue Valentine,2010.0,87,203,77.0,59087.0,114.0,1.0,1,1,0.0,2.0
tt1122614,2629,And Everything Is Going Fine,2010.0,91,33,72.0,1219.0,89.0,1.0,0,1,0.0,0.0
tt1125849,15106,The Wrestler,2008.0,98,228,88.0,140431.0,109.0,1.0,1,1,0.0,0.0
tt1127221,1796,Not Forgotten,2009.0,15,13,17.0,4470.0,97.0,0.0,0,1,0.0,1.0
tt1129428,10122,Mum & Dad,2008.0,78,9,,,85.0,1.0,0,1,0.0,1.0
tt1130884,1646,Shutter Island,2010.0,68,253,76.0,2373625.0,138.0,0.0,0,1,0.0,0.0
tt1130964,13649,The 5th Quarter,2011.0,57,7,62.0,1080.0,98.0,0.0,0,1,1.0,3.0
tt1131724,1868,2:22,2017.0,22,9,37.0,574.0,99.0,0.0,0,1,0.0,1.0
tt1132620,14159,The Girl with the Dragon Tattoo,2009.0,85,187,87.0,50956.0,154.0,1.0,1,1,0.0,2.0
tt1134674,16626,ZMD: Zombies of Mass Destruction,2009.0,67,6,34.0,2585.0,89.0,0.0,0,1,0.0,0.0
tt1142433,11305,Post Grad,2009.0,8,99,27.0,188303.0,88.0,0.0,0,1,0.0,0.0
tt1142798,13596,The Family That Preys,2008.0,52,42,61.0,50276.0,109.0,0.0,0,1,0.0,2.0
tt1144539,3295,Best Worst Movie,2010.0,94,66,84.0,3328.0,93.0,1.0,1,1,1.0,0.0
tt1148200,4200,Chain Letter,2010.0,29,14,46.0,2764.0,86.0,0.0,0,1,0.0,2.0
tt1151309,3405,"Bigger, Stronger, Faster*",2008.0,96,76,81.0,106399.0,106.0,1.0,1,1,0.0,1.0
tt1151922,218,Miss March,2009.0,5,80,30.0,79376.0,90.0,0.0,0,1,0.0,0.0
tt1152758,1671,Dear Zachary: A Letter to a Son About His Father,2008.0,94,51,96.0,7128.0,95.0,1.0,1,1,0.0,0.0
tt1153706,4852,Dance Flick,2009.0,18,95,30.0,348186.0,83.0,0.0,0,1,0.0,0.0
tt1160368,1817,12 Rounds,2009.0,30,71,45.0,84143.0,107.0,0.0,0,1,0.0,1.0
tt1164999,3454,Biutiful,2010.0,66,151,74.0,21365.0,148.0,0.0,0,1,0.0,0.0
tt1170358,14255,The Hobbit: The Desolation of Smaug,2013.0,74,237,85.0,264021.0,161.0,0.0,1,1,0.0,0.0
tt1172570,3872,Bronson,2009.0,76,80,74.0,17170.0,92.0,1.0,1,1,1.0,0.0
tt1172587,5088,Delhi Safari,2012.0,14,14,35.0,271.0,96.0,0.0,0,1,0.0,0.0
tt1174730,4401,City Island,2010.0,81,101,79.0,29933.0,100.0,1.0,1,1,1.0,4.0
tt1176252,7584,Hunger,2008.0,90,127,83.0,74257.0,92.0,1.0,1,1,1.0,9.0
tt1179933,1265,10 Cloverfield Lane,2016.0,90,301,79.0,60607.0,90.0,1.0,1,1,0.0,13.0
tt1185836,1701,Adam,2009.0,66,131,72.0,24580.0,99.0,0.0,0,1,0.0,0.0
tt1186369,9173,Lorna's Silence,2008.0,85,96,69.0,4690.0,105.0,1.0,1,1,0.0,0.0
tt1186830,2334,Agora,2010.0,53,91,65.0,21907.0,126.0,0.0,0,1,1.0,1.0
tt1189073,14867,The Skin I Live In,2011.0,81,175,84.0,27011.0,117.0,1.0,1,1,0.0,3.0
tt1189340,9009,The Lincoln Lawyer,2011.0,84,170,82.0,68543.0,118.0,1.0,1,1,0.0,0.0
tt1191138,15211,Thoda Pyaar Thoda Magic,2008.0,88,8,53.0,2196.0,145.0,1.0,0,1,0.0,0.0
tt1196134,4705,Crazy on the Outside,2010.0,8,12,28.0,3355.0,96.0,0.0,0,1,0.0,0.0
tt1204342,14588,The Muppets,2011.0,95,224,80.0,89661.0,102.0,1.0,1,1,0.0,18.0
tt1210166,9946,Moneyball,2011.0,94,259,86.0,91461.0,133.0,1.0,1,1,0.0,0.0
tt1211837,5302,Doctor Strange,2016.0,89,358,86.0,109580.0,130.0,1.0,1,1,0.0,15.0
tt1212436,2955,The Back-up Plan,2010.0,18,145,46.0,135533.0,104.0,0.0,0,1,0.0,0.0
tt1212974,195,Bitch Slap,2010.0,29,17,29.0,10342.0,104.0,0.0,0,1,1.0,5.0
tt1213644,5250,Disaster Movie,2008.0,1,74,21.0,128287.0,88.0,0.0,0,1,0.0,1.0
tt1217613,3104,Battle: Los Angeles,2011.0,36,206,48.0,93646.0,116.0,0.0,0,1,0.0,0.0
tt1220213,220,Grace,2009.0,70,30,31.0,10263.0,84.0,0.0,0,1,0.0,1.0
tt1220628,7655,I Hope They Serve Beer in Hell,2009.0,20,35,42.0,5075.0,105.0,0.0,0,1,0.0,0.0
tt1220634,11740,Resident Evil: Afterlife,2010.0,22,103,49.0,128223.0,97.0,0.0,0,1,0.0,1.0
tt1223236,2286,African Cats,2011.0,73,77,77.0,17365.0,89.0,0.0,0,1,0.0,0.0
tt1226240,2076,A Late Quartet,2012.0,76,113,71.0,9471.0,105.0,1.0,1,1,0.0,0.0
tt1229822,8119,Jane Eyre,2011.0,84,164,76.0,33275.0,121.0,1.0,1,1,0.0,1.0
tt1235841,12540,Sidewalls,2011.0,67,9,82.0,1234.0,92.0,0.0,0,1,0.0,3.0
tt1241325,10615,Objectified,2009.0,81,16,76.0,1340.0,76.0,1.0,0,1,0.0,1.0
tt1244754,4623,Conviction,2010.0,67,186,70.0,32756.0,107.0,0.0,0,1,0.0,0.0
tt1247662,6785,The Good Guy,2009.0,35,26,30.0,2501.0,91.0,0.0,0,1,0.0,11.0
tt1247704,16424,Women in Trouble,2009.0,29,24,28.0,1877.0,95.0,0.0,0,1,0.0,3.0
tt1251743,12099,Salvation Boulevard,2011.0,21,34,23.0,1325.0,95.0,0.0,0,1,0.0,1.0
tt1254696,1720,Splinterheads,2009.0,27,11,50.0,713.0,94.0,0.0,0,1,0.0,0.0
tt1255953,7863,Incendies,2011.0,93,121,92.0,17842.0,130.0,1.0,1,1,1.0,1.0
tt1263670,4701,Crazy Heart,2009.0,90,205,76.0,124750.0,112.0,1.0,1,1,0.0,0.0
tt1268809,10435,Night of the Demons,2010.0,31,16,25.0,13505.0,93.0,0.0,0,1,1.0,0.0
tt1270277,13381,Sympathy for Delicious,2011.0,31,26,40.0,1824.0,101.0,0.0,0,1,1.0,5.0
tt1270761,5346,Don't Be Afraid Of The Dark,2011.0,59,172,34.0,40578.0,76.0,0.0,0,1,1.0,23.0
tt1273678,12968,The Spy Next Door,2010.0,12,90,40.0,106240.0,94.0,0.0,0,1,0.0,0.0
tt1276419,5678,A Royal Affair,2012.0,90,109,82.0,16943.0,137.0,1.0,1,1,0.0,0.0
tt1276962,7549,How To Make Money Selling Drugs,2013.0,77,39,91.0,7878.0,96.0,1.0,0,1,1.0,0.0
tt1277737,13130,The Stoning of Soraya M.,2009.0,59,86,87.0,6658.0,114.0,0.0,0,1,1.0,2.0
tt1284028,9270,Love the Beast,2009.0,61,23,72.0,733.0,92.0,0.0,0,1,0.0,0.0
tt1285009,14911,The Strangers: Prey At Night,2018.0,39,113,35.0,2008.0,,0.0,0,1,0.0,
tt1285016,13628,The Social Network,2010.0,96,313,86.0,203519.0,120.0,1.0,1,1,0.0,0.0
tt1285241,5331,Don 2,2011.0,69,13,72.0,4543.0,105.0,0.0,0,1,0.0,43.0
tt1290138,6325,Frank & Lola,2016.0,69,42,38.0,2351.0,88.0,0.0,0,1,0.0,0.0
tt1291150,13497,Teenage Mutant Ninja Turtles,2014.0,22,151,51.0,131934.0,101.0,0.0,0,1,0.0,0.0
tt1291549,9686,Meet Monica Velour,2011.0,48,29,33.0,740.0,97.0,0.0,0,1,1.0,1.0
tt1293751,4139,Casting By,2013.0,94,16,79.0,1030.0,89.0,1.0,0,1,1.0,0.0
tt1294970,13683,The Angriest Man in Brooklyn,2014.0,9,32,29.0,4578.0,87.0,0.0,0,1,0.0,4.0
tt1296373,14112,The FP,2012.0,45,22,54.0,733.0,83.0,0.0,0,1,1.0,1.0
tt1296899,15948,Wake Wood,,80,25,39.0,1770.0,90.0,1.0,0,1,,0.0
tt1301990,5800,Every Day,2011.0,34,32,24.0,4901.0,90.0,0.0,0,1,1.0,3.0
tt1302067,16536,Yogi Bear,2010.0,13,103,34.0,56189.0,82.0,0.0,0,1,0.0,1.0
tt1305591,9571,Mars Needs Moms,2011.0,37,114,40.0,27695.0,88.0,0.0,0,1,0.0,0.0
tt1307873,13754,The Big Bang,2011.0,19,16,25.0,1436.0,101.0,0.0,0,1,1.0,0.0
tt1308729,3932,Bullet to the Head,2013.0,46,140,39.0,27815.0,91.0,0.0,0,1,1.0,1.0
tt1313092,2667,Animal Kingdom,2010.0,94,161,83.0,29796.0,112.0,1.0,1,1,0.0,1.0
tt1315981,1795,A Single Man,2009.0,85,190,81.0,58164.0,101.0,1.0,1,1,0.0,2.0
tt1316622,16472,Wrecked,2011.0,48,27,24.0,4756.0,91.0,0.0,0,1,1.0,0.0
tt1320261,6963,Gulliver's Travels,2010.0,20,119,27.0,61870.0,87.0,0.0,0,1,0.0,2.0
tt1320291,14771,The Reef,2010.0,79,19,40.0,2340.0,88.0,1.0,0,1,0.0,6.0
tt1321509,5026,Death at a Funeral,2010.0,42,137,45.0,102951.0,92.0,0.0,0,1,0.0,0.0
tt1323594,1766,Despicable Me,2010.0,81,197,82.0,267208.0,95.0,1.0,1,1,0.0,0.0
tt1327628,16272,Whores' Glory,2012.0,87,23,74.0,726.0,119.0,1.0,0,1,1.0,9.0
tt1331025,12302,The September Issue,2009.0,83,114,71.0,49591.0,90.0,1.0,1,1,0.0,0.0
tt1333125,10050,Movie 43,2013.0,5,88,24.0,35585.0,97.0,0.0,0,1,0.0,3.0
tt1334260,10369,Never Let Me Go,2010.0,69,177,70.0,37819.0,104.0,0.0,0,1,0.0,1.0
tt1340107,7791,In A Better World,2011.0,78,121,86.0,7163.0,113.0,1.0,1,1,1.0,5.0
tt1341340,2165,A Warrior's Heart,2011.0,17,12,54.0,1629.0,95.0,0.0,0,1,0.0,9.0
tt1343092,14192,The Great Gatsby,2013.0,48,288,67.0,209543.0,142.0,0.0,0,1,0.0,1.0
tt1343727,5459,Dredd,2012.0,79,159,72.0,153503.0,95.0,1.0,1,1,0.0,0.0
tt1352852,16530,The Yes Men Fix the World,2009.0,75,57,78.0,1478.0,87.0,1.0,1,1,0.0,0.0
tt1355638,14753,The Rabbi's Cat,2012.0,94,16,75.0,1237.0,89.0,1.0,0,1,1.0,11.0
tt1368440,3765,Branded,2012.0,9,11,24.0,4799.0,106.0,0.0,0,1,0.0,6.0
tt1368491,15695,Undertow,2010.0,88,32,90.0,1846.0,100.0,1.0,0,1,1.0,3.0
tt1369706,15041,The Ward,2011.0,33,72,26.0,12646.0,86.0,0.0,0,1,1.0,3.0
tt1376213,13657,The Adventurer: The Curse of the Midas Box,2014.0,20,15,37.0,939.0,98.0,0.0,0,1,1.0,2.0
tt1377278,5078,Defamation,2009.0,85,20,75.0,249.0,94.0,1.0,0,1,0.0,3.0
tt1389072,5407,Downsizing,2017.0,48,288,22.0,9472.0,,0.0,0,1,0.0,
tt1391092,9582,Marwencol,2010.0,98,62,87.0,2435.0,83.0,1.0,1,1,0.0,1.0
tt1391137,16283,Why Did I Get Married Too,2010.0,27,48,68.0,119385.0,120.0,0.0,0,1,0.0,1.0
tt1392190,9354,Mad Max: Fury Road,2015.0,97,410,85.0,127428.0,120.0,1.0,1,1,0.0,0.0
tt1392197,9560,Marmaduke,2010.0,9,101,42.0,78282.0,88.0,0.0,0,1,0.0,11.0
tt1396219,10857,Outcast,,64,11,30.0,607.0,93.0,0.0,0,1,,5.0
tt1397514,8279,Journey 2: The Mysterious Island,2012.0,44,131,59.0,212486.0,94.0,0.0,0,1,0.0,0.0
tt1398426,13144,Straight Outta Compton,2015.0,88,237,91.0,75722.0,147.0,1.0,1,1,0.0,0.0
tt1402488,7065,Happy Feet Two,2011.0,45,120,61.0,90899.0,99.0,0.0,0,1,0.0,18.0
tt1403865,15528,True Grit,2010.0,96,270,85.0,158000.0,110.0,1.0,1,1,0.0,0.0
tt1403981,1730,Remember Me,2010.0,27,138,69.0,411586.0,112.0,0.0,0,1,0.0,1.0
tt1403988,13620,The Romantics,2010.0,14,35,21.0,14746.0,96.0,0.0,0,1,0.0,1.0
tt1408101,13007,Star Trek Into Darkness,2013.0,84,284,89.0,312591.0,131.0,1.0,1,1,0.0,1.0
tt1410051,11755,Retreat,2011.0,62,13,41.0,3070.0,90.0,0.0,0,1,0.0,0.0
tt1414382,16544,You Again,2010.0,17,93,43.0,59520.0,105.0,0.0,0,1,0.0,0.0
tt1417592,11047,Pearl Jam Twenty,2011.0,68,28,89.0,2494.0,120.0,0.0,0,1,0.0,1.0
tt1418646,3261,Beneath Hill 60,2010.0,85,13,77.0,2138.0,122.0,1.0,0,1,0.0,0.0
tt1418712,10867,Outpost: Black Sun,2012.0,20,5,15.0,188.0,99.0,0.0,0,1,0.0,2.0
tt1430607,2801,Arthur Christmas,2011.0,92,167,76.0,40451.0,97.0,1.0,1,1,0.0,0.0
tt1430612,3806,Brick Mansions,2014.0,26,94,47.0,26286.0,90.0,0.0,0,1,0.0,0.0
tt1433822,13689,The Apparition,2012.0,3,62,24.0,23542.0,83.0,0.0,0,1,0.0,0.0
tt1434447,11922,Rocket Singh - Salesman of the Year,2009.0,83,6,67.0,1545.0,156.0,1.0,0,1,0.0,6.0
tt1436559,9274,Love Wedding Marriage,2011.0,0,19,28.0,2802.0,91.0,0.0,0,1,0.0,1.0
tt1438173,2999,Bait,2012.0,47,34,28.0,1942.0,94.0,0.0,0,1,0.0,1.0
tt1438216,10792,Oranges And Sunshine,2011.0,69,71,70.0,3524.0,105.0,0.0,0,1,1.0,0.0
tt1438298,6980,Guzaarish,2010.0,67,9,71.0,1803.0,135.0,0.0,0,1,0.0,9.0
tt1440732,3240,Bel Ami,2012.0,27,93,29.0,9271.0,102.0,0.0,0,1,0.0,0.0
tt1441953,13543,Testament Of Youth,2015.0,84,124,78.0,9101.0,129.0,1.0,1,1,1.0,0.0
tt1450321,6074,Filth,2014.0,65,95,67.0,15839.0,97.0,0.0,0,1,1.0,0.0
tt1452628,15815,Vanishing On 7th Street,2011.0,47,58,21.0,17174.0,91.0,0.0,0,1,1.0,1.0
tt1454029,14247,The Help,2011.0,76,224,89.0,107640.0,137.0,1.0,1,1,0.0,9.0
tt1467304,7575,The Human Centipede (First Sequence),2010.0,50,94,25.0,17817.0,90.0,0.0,0,1,1.0,2.0
tt1470023,9332,MacGruber,2010.0,48,151,35.0,120127.0,90.0,0.0,0,1,0.0,0.0
tt1480658,5580,Eddie The Sleepwalking Cannibal,2013.0,61,18,53.0,323.0,90.0,0.0,0,1,1.0,0.0
tt1484114,11686,Reel Injun,2010.0,88,17,86.0,1476.0,88.0,1.0,0,1,1.0,3.0
tt1484521,1900,30 Beats,2012.0,5,22,15.0,1366.0,88.0,0.0,0,1,0.0,0.0
tt1486185,6648,Red Riding Hood,2011.0,10,205,39.0,75355.0,120.0,0.0,0,1,0.0,20.0
tt1487275,16249,The White Stripes Under Great White Northern Lights,2010.0,91,11,90.0,895.0,93.0,1.0,0,1,1.0,0.0
tt1488163,15468,Trash Humpers,2010.0,59,39,44.0,1003.0,74.0,0.0,0,1,1.0,4.0
tt1490017,14461,The LEGO Movie,2014.0,96,246,87.0,222445.0,101.0,1.0,1,1,0.0,1.0
tt1493157,10338,Nature Calls,2012.0,5,22,17.0,1913.0,85.0,0.0,0,1,0.0,6.0
tt1496422,14673,The Paperboy,2012.0,45,146,33.0,17118.0,106.0,0.0,0,1,0.0,1.0
tt1502404,5466,Drive Angry,2011.0,47,122,37.0,40262.0,107.0,0.0,0,1,0.0,3.0
tt1504319,11881,Road To Nowhere,2011.0,73,26,39.0,957.0,121.0,0.0,0,1,1.0,0.0
tt1504320,14396,The King's Speech,2010.0,95,292,92.0,144306.0,118.0,1.0,1,1,0.0,0.0
tt1506999,7152,Haywire,2012.0,80,190,41.0,43252.0,93.0,1.0,1,1,1.0,0.0
tt1515091,12451,Sherlock Holmes: A Game of Shadows,2011.0,60,222,77.0,168318.0,128.0,0.0,0,1,0.0,1.0
tt1520498,14639,The Oogieloves in The Big Balloon Adventure,2012.0,27,22,63.0,4899.0,86.0,0.0,0,1,0.0,2.0
tt1524131,8572,Knucklehead,2010.0,10,10,35.0,4655.0,100.0,0.0,0,1,0.0,0.0
tt1533084,14966,The Traveler,2010.0,20,5,16.0,675.0,91.0,0.0,0,1,0.0,5.0
tt1535109,4084,Captain Phillips,2013.0,93,268,89.0,152261.0,134.0,1.0,1,1,0.0,0.0
tt1535612,14876,The Son of No One,2011.0,16,37,22.0,5689.0,94.0,0.0,0,1,0.0,4.0
tt1536044,10958,Paranormal Activity 2,2010.0,59,135,48.0,102941.0,91.0,0.0,0,1,0.0,0.0
tt1537401,8814,Leap Year,2010.0,23,133,47.0,131974.0,101.0,0.0,0,1,0.0,7.0
tt1540128,11234,Playing for Keeps,2012.0,4,90,41.0,20504.0,106.0,0.0,0,1,0.0,1.0
tt1540741,2131,A Single Shot,2013.0,51,47,31.0,4593.0,116.0,0.0,0,1,0.0,0.0
tt1545660,8560,Knights of Badassdom,2014.0,67,15,37.0,4362.0,85.0,0.0,0,1,1.0,1.0
tt1549589,5650,Elles,2012.0,23,61,27.0,3588.0,96.0,0.0,0,1,1.0,3.0
tt1550312,4008,Café de Flore,2012.0,63,54,75.0,4002.0,120.0,0.0,0,1,1.0,0.0
tt1554091,2011,A Better Life,2011.0,85,105,79.0,12287.0,98.0,1.0,1,1,0.0,0.0
tt1554414,13992,The Dish & The Spoon,2012.0,58,12,51.0,228.0,92.0,0.0,0,1,1.0,0.0
tt1556190,10558,Nostalgia for the Light,2011.0,100,46,84.0,3536.0,90.0,1.0,1,1,1.0,0.0
tt1558250,6513,GasLand,2010.0,98,40,85.0,8464.0,107.0,1.0,1,1,0.0,0.0
tt1560957,7698,I Want Your Money,2010.0,13,8,68.0,2039.0,92.0,0.0,0,1,0.0,0.0
tt1562859,6765,Golmaal 3,2010.0,38,8,50.0,993.0,143.0,0.0,0,1,0.0,12.0
tt1566648,15945,Waiting for Superman,2010.0,90,118,84.0,17955.0,103.0,1.0,1,1,0.0,8.0
tt1568150,8209,Joan Rivers: A Piece Of Work,2010.0,92,107,82.0,12424.0,84.0,1.0,1,1,0.0,0.0
tt1568334,14952,The Tillman Story,2010.0,93,88,91.0,3735.0,95.0,1.0,1,1,0.0,1.0
tt1568343,14291,The Humbling,2015.0,52,60,28.0,1199.0,102.0,0.0,0,1,1.0,10.0
tt1568346,14158,The Girl with the Dragon Tattoo,2011.0,86,243,86.0,118787.0,157.0,1.0,1,1,0.0,1.0
tt1582271,14174,The Good Doctor,2012.0,66,29,31.0,4023.0,90.0,0.0,0,1,1.0,1.0
tt1582507,7494,House at the End of the Street,2012.0,12,65,41.0,57323.0,101.0,0.0,0,1,0.0,0.0
tt1584016,4159,Catfish,2010.0,80,152,70.0,25681.0,86.0,1.0,1,1,0.0,1.0
tt1588170,2360,I Saw the Devil,2011.0,80,82,87.0,18231.0,143.0,1.0,1,1,1.0,1.0
tt1588878,14446,The Late Bloomer,2016.0,20,10,22.0,448.0,90.0,0.0,0,1,0.0,0.0
tt1592527,13777,The Black Power Mixtape 1967-1975,2011.0,92,50,86.0,1271.0,92.0,1.0,1,1,0.0,8.0
tt1594917,2327,Age of the Dragons,2011.0,9,11,7.0,1402.0,91.0,0.0,0,1,0.0,0.0
tt1596343,5977,Fast Five,2011.0,77,198,83.0,139528.0,131.0,1.0,1,1,0.0,1.0
tt1598828,10733,One for the Money,2012.0,2,53,42.0,36855.0,91.0,0.0,0,1,0.0,0.0
tt1600196,14008,The Drop,2014.0,89,196,76.0,34435.0,106.0,1.0,1,1,0.0,0.0
tt1602613,10753,Only God Forgives,2013.0,41,160,37.0,26343.0,89.0,0.0,0,1,0.0,1.0
tt1606392,16345,Win Win,2011.0,94,174,85.0,32010.0,106.0,1.0,1,1,0.0,0.0
tt1611224,2203,Abraham Lincoln: Vampire Hunter,2012.0,34,188,50.0,242433.0,105.0,0.0,0,1,0.0,0.0
tt1612774,12004,Rubber,2011.0,69,86,46.0,13873.0,85.0,0.0,0,1,1.0,3.0
tt1613023,3154,Beats Rhymes & Life: The Travels of a Tribe Called Quest,2011.0,90,59,90.0,4008.0,98.0,1.0,1,1,0.0,1.0
tt1613062,14589,The Music Never Stopped,2011.0,67,48,81.0,2495.0,105.0,0.0,0,1,0.0,0.0
tt1613750,8579,Kon Tiki,2013.0,81,78,77.0,13137.0,101.0,1.0,1,1,1.0,17.0
tt1617620,2071,A Horrible Way to Die,2011.0,60,10,35.0,608.0,87.0,0.0,0,1,1.0,0.0
tt1617661,8324,Jupiter Ascending,2015.0,27,258,38.0,95157.0,125.0,0.0,0,1,0.0,2.0
tt1623757,9339,Machete Maidens Unleashed!,,88,8,73.0,535.0,85.0,1.0,0,1,,1.0
tt1629242,4100,Careful What You Wish For,2016.0,17,24,62.0,2712.0,91.0,0.0,0,1,1.0,0.0
tt1638002,9264,"Love, Rosie",2015.0,33,55,63.0,9340.0,102.0,0.0,0,1,1.0,0.0
tt1640218,5825,Evidence,2013.0,6,17,28.0,636.0,94.0,0.0,0,1,1.0,16.0
tt1640486,7926,Inside Out,2011.0,25,12,23.0,396.0,90.0,0.0,0,1,0.0,3.0
tt1640711,2049,A Few Best Men,,15,39,36.0,2225.0,97.0,0.0,0,1,,0.0
tt1646987,4430,Wrath of the Titans,2012.0,27,172,49.0,158072.0,99.0,0.0,0,1,0.0,0.0
tt1648190,13937,The Dark Tower,2017.0,16,265,45.0,41711.0,,0.0,0,1,0.0,
tt1649444,11636,[REC] 3 Genesis,2012.0,41,46,28.0,7509.0,80.0,0.0,0,1,0.0,0.0
tt1650048,8776,Laurence Anyways,2013.0,84,61,78.0,2739.0,161.0,1.0,1,1,1.0,7.0
tt1650453,7704,I Wish,2012.0,93,75,84.0,2252.0,128.0,1.0,1,1,1.0,0.0
tt1653700,15018,The Veteran,2012.0,60,20,38.0,872.0,100.0,0.0,0,1,1.0,2.0
tt1656170,3852,Bringing Up Bobby,2012.0,17,12,33.0,353.0,93.0,0.0,0,1,1.0,0.0
tt1656186,13121,Stolen,2012.0,20,20,34.0,10199.0,96.0,0.0,0,1,0.0,0.0
tt1657283,7422,Honey 2,,10,21,53.0,4604.0,111.0,0.0,0,1,,1.0
tt1658820,12617,Sket,,50,8,23.0,381.0,83.0,0.0,0,1,,0.0
tt1659343,15725,Universal Soldier: Day of Reckoning,2012.0,56,50,34.0,7268.0,93.0,0.0,0,1,0.0,21.0
tt1663207,8961,Life Of Crime,2014.0,67,79,37.0,7593.0,99.0,0.0,0,1,1.0,1.0
tt1666186,15807,Vampires Suck,2010.0,4,90,29.0,75116.0,82.0,0.0,0,1,0.0,0.0
tt1666335,13834,The Calling,2014.0,51,45,33.0,4815.0,108.0,0.0,0,1,0.0,0.0
tt1667353,9859,Mirror Mirror,2012.0,50,192,45.0,146160.0,95.0,0.0,0,1,0.0,11.0
tt1682181,3937,Bully,2012.0,85,137,78.0,42171.0,98.0,1.0,1,1,1.0,1.0
tt1684564,15019,The Victim,2012.0,32,19,25.0,1421.0,80.0,0.0,0,1,1.0,3.0
tt1692928,14422,The Last Lions,2011.0,87,38,88.0,1678.0,88.0,1.0,0,1,0.0,0.0
tt1694020,14217,The Guilt Trip,2012.0,37,128,39.0,39663.0,96.0,0.0,0,1,0.0,1.0
tt1698648,6642,Girl Most Likely,2013.0,22,94,33.0,12061.0,103.0,0.0,0,1,1.0,0.0
tt1699755,11052,Peeples,2013.0,37,62,49.0,17501.0,94.0,0.0,0,1,0.0,1.0
tt1701976,15768,Urbanized,2011.0,100,14,85.0,1037.0,82.0,1.0,0,1,0.0,3.0
tt1702014,15048,The Way He Looks,2014.0,92,38,89.0,5017.0,96.0,1.0,0,1,0.0,0.0
tt1705952,13460,Tarzan,2014.0,20,30,33.0,3655.0,94.0,0.0,0,1,1.0,0.0
tt1706620,12729,Snowpiercer,2014.0,95,242,72.0,58551.0,126.0,1.0,1,1,1.0,0.0
tt1707391,1934,4:44 Last Day on Earth,2012.0,47,30,19.0,1716.0,85.0,0.0,0,1,1.0,3.0
tt1707392,9279,Lovely Molly,2012.0,42,38,32.0,4996.0,99.0,0.0,0,1,1.0,1.0
tt1708532,11614,Ready,2011.0,30,10,47.0,1461.0,157.0,0.0,0,1,0.0,12.0
tt1709143,14412,The Last Days On Mars,2013.0,18,61,25.0,10236.0,91.0,0.0,0,1,0.0,7.0
tt1710417,9103,Lola Versus,2012.0,36,83,31.0,5285.0,86.0,0.0,0,1,0.0,1.0
tt1712159,1653,11/11/11,,7,14,17.0,3363.0,95.0,0.0,0,1,,5.0
tt1712578,13979,The Devil's Rock,2012.0,56,9,35.0,386.0,82.0,0.0,0,1,1.0,1.0
tt1714203,11197,Piranha 3DD,2012.0,14,51,22.0,22544.0,83.0,0.0,0,1,0.0,0.0
tt1714206,14887,The Spectacular Now,2013.0,91,164,76.0,38451.0,95.0,1.0,1,1,0.0,0.0
tt1718158,6539,Generation Um...,2013.0,0,15,22.0,531.0,90.0,0.0,0,1,1.0,7.0
tt1720621,15433,Trafficked,2017.0,17,6,67.0,104.0,104.0,0.0,0,1,0.0,0.0
tt1723124,7860,Inbred,2011.0,18,11,29.0,359.0,98.0,0.0,0,1,0.0,0.0
tt1727252,4310,Chillerama,2011.0,40,5,44.0,557.0,112.0,0.0,0,1,0.0,8.0
tt1727388,15049,The Way Way Back,2013.0,83,181,84.0,55511.0,103.0,1.0,1,1,0.0,0.0
tt1727523,10179,My Amityville Horror,2013.0,70,27,39.0,1206.0,88.0,0.0,0,1,1.0,0.0
tt1728986,3656,Bol Bachchan,2012.0,71,7,51.0,4664.0,106.0,0.0,0,1,0.0,49.0
tt1730687,4920,Darling Companion,2012.0,21,89,29.0,12371.0,103.0,0.0,0,1,0.0,0.0
tt1735907,13656,The Adderall Diaries,2016.0,18,33,29.0,617.0,105.0,0.0,0,1,1.0,18.0
tt1753549,3909,Buck,2011.0,89,103,89.0,4780.0,88.0,1.0,1,1,0.0,0.0
tt1758795,14957,The To Do List,2013.0,53,116,46.0,21255.0,104.0,0.0,0,1,0.0,0.0
tt1767382,12553,Silent House,2012.0,43,133,30.0,42291.0,88.0,0.0,0,1,1.0,2.0
tt1772271,1912,"3, 2, 1... Frankie Go Boom",2012.0,40,20,41.0,1746.0,89.0,0.0,0,1,0.0,0.0
tt1774591,13496,Teenage Cocktail,,100,5,53.0,253.0,88.0,1.0,0,1,,0.0
tt1781775,3262,Beneath The Darkness,2012.0,4,24,15.0,1602.0,98.0,0.0,0,1,1.0,2.0
tt1785669,15880,Vikingdom,2013.0,43,7,25.0,506.0,114.0,0.0,0,1,0.0,0.0
tt1787725,7729,If a Tree Falls: A Story of the Earth Liberation Front,2011.0,87,31,75.0,1498.0,100.0,1.0,0,1,0.0,15.0
tt1787837,16070,We Were Here,2011.0,100,44,87.0,2871.0,90.0,1.0,1,1,0.0,0.0
tt1787988,13417,Talaash,2012.0,80,20,64.0,1837.0,139.0,1.0,0,1,0.0,1.0
tt1790867,14648,The Other F Word,2011.0,77,35,82.0,1920.0,98.0,1.0,0,1,0.0,0.0
tt1793223,6362,Free Samples,2013.0,57,7,36.0,327.0,79.0,0.0,0,1,1.0,1.0
tt1798243,12007,Rudderless,2014.0,63,46,83.0,4038.0,105.0,0.0,0,1,0.0,0.0
tt1800241,2543,American Hustle,2013.0,92,280,74.0,175696.0,129.0,1.0,1,1,0.0,9.0
tt1801552,6836,Gotti,2018.0,0,55,46.0,8045.0,105.0,0.0,0,1,0.0,7.0
tt1807022,13278,Super,2011.0,49,123,55.0,22834.0,96.0,0.0,0,1,1.0,44.0
tt1810697,9696,Meeting Evil,2012.0,22,9,31.0,5880.0,89.0,0.0,0,1,0.0,0.0
tt1814621,2252,Admission,2013.0,38,156,32.0,33528.0,107.0,0.0,0,1,0.0,1.0
tt1817273,14706,The Place Beyond The Pines,2013.0,80,216,75.0,73328.0,141.0,1.0,1,1,1.0,1.0
tt1817676,6639,Girl In Progress,2012.0,31,45,53.0,56926.0,93.0,0.0,0,1,0.0,0.0
tt1825683,3485,Black Panther,2018.0,97,487,79.0,88211.0,135.0,1.0,1,1,0.0,1.0
tt1827512,14377,The Kid with a Bike,2012.0,96,130,76.0,25374.0,87.0,1.0,1,1,1.0,0.0
tt1828959,9420,Make Your Move,2014.0,38,16,48.0,1627.0,110.0,0.0,0,1,1.0,0.0
tt1830713,3358,Big Ass Spider!,2013.0,78,27,44.0,1100.0,85.0,1.0,0,1,0.0,5.0
tt1832382,2125,A Separation,2011.0,99,172,92.0,22788.0,123.0,1.0,1,1,0.0,0.0
tt1838544,6767,Gone,2012.0,10,67,42.0,37005.0,94.0,0.0,0,1,0.0,0.0
tt1839482,6361,Free Ride,2014.0,14,7,22.0,404.0,86.0,0.0,0,1,1.0,0.0
tt1839492,12006,Ruby Sparks,2012.0,78,176,75.0,36378.0,104.0,1.0,1,1,0.0,0.0
tt1843866,4077,Captain America: The Winter Soldier,2014.0,90,292,92.0,281524.0,136.0,1.0,1,1,0.0,0.0
tt1847713,14216,The Guillotines,2013.0,15,13,16.0,296.0,113.0,0.0,0,1,1.0,1.0
tt1853728,5290,Django Unchained,2012.0,86,281,91.0,428344.0,165.0,1.0,1,1,0.0,0.0
tt1854513,3526,Blancanieves,2013.0,94,109,84.0,5163.0,105.0,1.0,1,1,1.0,1.0
tt1855199,5690,End of Watch,2012.0,85,176,86.0,85235.0,109.0,1.0,1,1,0.0,0.0
tt1855236,8344,Just Like A Woman,2013.0,13,15,34.0,507.0,106.0,0.0,0,1,1.0,19.0
tt1855401,15279,Tim and Eric's Billion Dollar Movie,2012.0,36,74,47.0,4807.0,94.0,0.0,0,1,0.0,1.0
tt1858481,8745,Last Passenger,2014.0,85,20,58.0,2539.0,97.0,1.0,0,1,1.0,0.0
tt1860355,15670,Undefeated,2012.0,96,101,89.0,5866.0,110.0,1.0,1,1,1.0,3.0
tt1865425,8601,Kumaré,2012.0,58,24,82.0,2481.0,84.0,0.0,0,1,1.0,0.0
tt1865505,12819,Song Of The Sea,2014.0,99,92,92.0,12330.0,93.0,1.0,1,1,0.0,0.0
tt1866249,14845,The Sessions,2012.0,91,200,80.0,23512.0,95.0,1.0,1,1,0.0,0.0
tt1867093,14817,The Samaritan,2012.0,26,35,40.0,5351.0,93.0,0.0,0,1,0.0,3.0
tt1876277,7965,Into the White,2013.0,45,11,67.0,1329.0,101.0,0.0,0,1,1.0,3.0
tt1878942,4925,Date And Switch,2014.0,30,10,38.0,844.0,91.0,0.0,0,1,0.0,0.0
tt1879032,11591,Rapture-Palooza,2013.0,25,20,30.0,2120.0,85.0,0.0,0,1,0.0,0.0
tt1881002,9388,Maggie,2015.0,60,134,32.0,11542.0,95.0,0.0,0,1,0.0,0.0
tt1906329,2808,As Cool As I Am,2013.0,14,7,25.0,556.0,118.0,0.0,0,1,0.0,26.0
tt1907779,13986,The Dinosaur Project,2012.0,29,14,20.0,535.0,83.0,0.0,0,1,0.0,0.0
tt1911662,15825,Vehicle 19,2013.0,23,26,31.0,9798.0,85.0,0.0,0,1,0.0,0.0
tt1920849,2944,Bachelorette,2012.0,56,101,34.0,17946.0,91.0,0.0,0,1,0.0,4.0
tt1922612,6673,Glee: The 3D Concert Movie,2011.0,60,90,65.0,17179.0,84.0,0.0,0,1,0.0,0.0
tt1925421,5632,Elena,2012.0,94,65,73.0,2794.0,109.0,1.0,1,1,1.0,0.0
tt1925435,6335,Frankenstein's Army,2013.0,56,25,40.0,4129.0,84.0,0.0,0,1,0.0,0.0
tt1928340,2301,After the Dark,2014.0,71,14,44.0,5376.0,107.0,0.0,0,1,1.0,0.0
tt1930294,3488,Black Rock,2013.0,51,57,24.0,3945.0,79.0,0.0,0,1,1.0,4.0
tt1932767,16147,What Maisie Knew,2013.0,86,107,80.0,15255.0,99.0,1.0,1,1,1.0,0.0
tt1934458,15676,Under the Bed,2013.0,40,10,14.0,657.0,87.0,0.0,0,1,1.0,0.0
tt1935065,10567,Not Suitable for Children,,88,17,53.0,2506.0,96.0,1.0,0,1,,1.0
tt1935089,3544,Blind,2015.0,94,36,75.0,2251.0,96.0,1.0,0,2,1.0,2.0
tt1935896,13652,The ABCs of Death,2013.0,37,68,23.0,10633.0,129.0,0.0,0,1,1.0,0.0
tt1935897,2588,Amityville: The Awakening,2017.0,32,19,32.0,23678.0,100.0,0.0,0,1,0.0,13.0
tt1946502,15639,UglyDolls,2019.0,28,83,56.0,973.0,87.0,0.0,0,1,0.0,0.0
tt1957886,5098,Delivery: The Beast Within,2014.0,71,7,30.0,271.0,88.0,0.0,0,1,1.0,1.0
tt1957938,10305,Narcopolis,2015.0,18,11,26.0,200.0,96.0,0.0,0,1,0.0,0.0
tt1959490,10511,Noah,2014.0,76,256,41.0,122124.0,137.0,1.0,1,1,0.0,1.0
tt1965162,3748,Boys of Abu Ghraib,2014.0,30,10,62.0,361.0,102.0,0.0,0,1,0.0,0.0
tt1966359,5996,Father Figures,2017.0,17,47,26.0,4315.0,113.0,0.0,0,1,0.0,0.0
tt1971514,12100,Salvo,2014.0,75,24,47.0,380.0,103.0,1.0,0,1,1.0,7.0
tt1990352,14359,The Island President,2012.0,98,48,78.0,4356.0,101.0,1.0,1,1,1.0,0.0
tt1991245,4275,Chernobyl Diaries,2012.0,19,89,28.0,141874.0,86.0,0.0,0,1,0.0,0.0
tt1992258,15405,Tower Block,2012.0,47,17,37.0,456.0,90.0,0.0,0,1,0.0,0.0
tt1993391,1268,10 Rules For Sleeping Around,2014.0,0,8,11.0,393.0,94.0,0.0,0,1,1.0,0.0
tt1999192,8420,Kevin Hart: Laugh At My Pain,2011.0,71,7,84.0,7456.0,88.0,0.0,0,1,0.0,1.0
tt2007387,14119,The Front Line,2012.0,67,15,78.0,422.0,133.0,0.0,0,1,1.0,0.0
tt2008006,2129,A Simple Life,2012.0,93,30,86.0,1317.0,118.0,1.0,0,1,1.0,0.0
tt2008513,6136,First Position,2012.0,93,74,84.0,11668.0,90.0,1.0,1,1,1.0,5.0
tt2011971,9954,Monsieur Lazhar,2012.0,97,118,86.0,26251.0,94.0,1.0,1,1,1.0,1.0
tt2014338,12535,Side by Side,2012.0,93,67,86.0,11027.0,98.0,1.0,1,1,0.0,1.0
tt2015381,6950,Guardians of the Galaxy,2014.0,91,316,92.0,254717.0,121.0,1.0,1,1,0.0,0.0
tt2024544,1819,12 Years a Slave,2013.0,95,358,90.0,139962.0,134.0,1.0,1,1,0.0,0.0
tt2039338,6177,Flatliners,2017.0,4,76,33.0,11685.0,108.0,0.0,0,1,0.0,1.0
tt2042568,7923,Inside Llewyn Davis,2013.0,92,274,74.0,44831.0,105.0,1.0,1,1,0.0,1.0
tt2043865,6565,Get Married If You Can,,20,5,36.0,70.0,107.0,0.0,0,1,,0.0
tt2048877,13674,The Ambassador,2012.0,73,37,74.0,761.0,97.0,0.0,0,1,1.0,0.0
tt2049543,13384,Synchronicity,2016.0,50,28,34.0,2543.0,101.0,0.0,0,1,1.0,0.0
tt2053463,12537,Side Effects,2013.0,82,217,70.0,69679.0,106.0,1.0,1,1,0.0,0.0
tt2062700,12823,Song to Song,2017.0,44,124,37.0,6615.0,129.0,0.0,0,1,0.0,0.0
tt2062996,12786,Something from Nothing: The Art of Rap,2012.0,86,28,77.0,6725.0,113.0,1.0,0,1,0.0,7.0
tt2066051,11925,Rocketman,2019.0,89,352,88.0,21644.0,121.0,1.0,1,1,0.0,0.0
tt2069797,5092,Delirium,2018.0,0,5,43.0,69.0,88.0,0.0,0,1,0.0,8.0
tt2072233,12660,Sleepless,2017.0,23,60,37.0,9670.0,95.0,0.0,0,1,0.0,0.0
tt2072933,4661,Cottage Country,,20,5,29.0,269.0,92.0,0.0,0,1,,1.0
tt2073086,13109,Still Mine,2013.0,92,64,81.0,8124.0,102.0,1.0,1,1,1.0,0.0
tt2076220,7392,Holy Motors,2012.0,91,149,72.0,12349.0,115.0,1.0,1,1,0.0,0.0
tt2080374,13095,Steve Jobs,2015.0,86,306,73.0,42781.0,123.0,1.0,1,1,0.0,1.0
tt2081437,14469,The Liability,,61,18,35.0,411.0,86.0,0.0,0,1,,4.0
tt2085752,2889,Autumn Blood,2014.0,20,5,37.0,137.0,100.0,0.0,0,1,1.0,0.0
tt2091325,2973,Bad Johnson,2014.0,28,18,22.0,651.0,88.0,0.0,0,1,0.0,0.0
tt2091478,2345,Air,2015.0,17,12,24.0,972.0,94.0,0.0,0,1,0.0,1.0
tt2102496,3997,Cabin Fever 3: Patient Zero,2014.0,24,21,14.0,754.0,95.0,0.0,0,1,0.0,4.0
tt2103254,13442,Tammy,2014.0,24,181,36.0,57546.0,96.0,0.0,0,1,0.0,1.0
tt2103281,4940,Dawn Of The Planet Of The Apes,2014.0,91,306,88.0,204334.0,130.0,1.0,1,1,0.0,0.0
tt2104994,13097,Steve Jobs: The Lost Interview,2012.0,100,6,84.0,1035.0,70.0,1.0,0,1,0.0,0.0
tt2106361,7964,Into The Storm,2014.0,21,156,42.0,41892.0,89.0,0.0,0,1,0.0,0.0
tt2111478,9664,Mea Maxima Culpa: Silence In The House Of God,2012.0,98,49,90.0,2433.0,106.0,1.0,1,1,0.0,0.0
tt2112096,2211,Absolutely Fabulous: The Movie,2016.0,58,150,41.0,7559.0,86.0,0.0,0,1,0.0,5.0
tt2112287,13552,Thale,2013.0,55,11,33.0,1416.0,77.0,0.0,0,1,1.0,1.0
tt2118775,12899,Special ID,2014.0,50,8,25.0,541.0,99.0,0.0,0,1,1.0,0.0
tt2119463,8894,Let The Fire Burn,2013.0,98,45,91.0,903.0,95.0,1.0,1,1,0.0,7.0
tt2120120,11211,Pixels,2015.0,16,195,46.0,69854.0,106.0,0.0,0,1,0.0,1.0
tt2120152,14350,The Invisible War,2012.0,99,71,84.0,10107.0,97.0,1.0,1,1,0.0,4.0
tt2124787,6090,Final Girl,2015.0,31,13,24.0,906.0,90.0,0.0,0,1,0.0,6.0
tt2125653,14274,The House I Live In,2012.0,94,65,85.0,8115.0,110.0,1.0,1,1,0.0,2.0
tt2126403,14903,The Stone Roses: Made of Stone,2013.0,76,29,75.0,597.0,97.0,1.0,0,1,0.0,0.0
tt2140629,2772,Arizona,2018.0,40,35,47.0,208.0,85.0,0.0,0,1,0.0,0.0
tt2147134,1954,56 Up,2013.0,99,68,75.0,7172.0,139.0,1.0,1,1,1.0,5.0
tt2167202,6576,Getaway,2013.0,2,141,35.0,24362.0,90.0,0.0,0,1,0.0,0.0
tt2178470,16521,Yeh Jawaani Hai Deewani,2013.0,67,6,63.0,2944.0,125.0,0.0,0,1,0.0,35.0
tt2179087,7703,I Will Follow You Into The Dark,2013.0,11,9,21.0,173.0,112.0,0.0,0,1,1.0,0.0
tt2179121,16162,What's In A Name?,2013.0,71,14,74.0,1292.0,109.0,0.0,0,1,1.0,0.0
tt2180411,7967,Into the Woods,2014.0,71,216,49.0,96004.0,125.0,0.0,0,1,0.0,0.0
tt2181931,5710,English Vinglish,2012.0,80,5,83.0,3140.0,129.0,1.0,0,1,0.0,5.0
tt2184287,13248,Summer in February,2014.0,31,42,29.0,1419.0,100.0,0.0,0,1,1.0,0.0
tt2187115,4308,Child's Pose,2014.0,92,85,76.0,1904.0,112.0,1.0,1,1,1.0,0.0
tt2187884,5756,Escape From Tomorrow,2013.0,56,85,25.0,6844.0,90.0,0.0,0,1,0.0,0.0
tt2191701,6942,Grown Ups 2,2013.0,7,112,53.0,180859.0,101.0,0.0,0,1,0.0,0.0
tt2201221,12768,Some Girl(s),2013.0,57,30,15.0,672.0,89.0,0.0,0,1,0.0,1.0
tt2205401,2245,Addicted,2014.0,7,14,51.0,15513.0,108.0,0.0,0,1,0.0,2.0
tt2207484,10108,Muck,2015.0,0,7,15.0,297.0,99.0,0.0,0,1,0.0,9.0
tt2215151,7890,Inequality For All,2013.0,90,61,88.0,8847.0,85.0,1.0,1,1,0.0,4.0
tt2219650,12370,Seymour: An Introduction,2015.0,100,67,78.0,5291.0,84.0,1.0,1,1,1.0,0.0
tt2224317,9158,Lootera,2013.0,60,5,78.0,693.0,142.0,0.0,0,1,0.0,6.0
tt2226519,11247,Plush,2013.0,33,6,31.0,678.0,99.0,0.0,0,1,0.0,0.0
tt2231138,12775,Some Velvet Morning,2013.0,54,37,36.0,493.0,82.0,0.0,0,1,0.0,2.0
tt2238032,12625,Skiptrace,2016.0,38,32,27.0,2605.0,107.0,0.0,0,1,0.0,0.0
tt2243389,7767,I'm So Excited!,2013.0,48,129,37.0,4617.0,90.0,0.0,0,1,0.0,0.0
tt2250912,12920,Spider-Man: Homecoming,2017.0,92,378,87.0,107020.0,133.0,1.0,1,1,0.0,0.0
tt2265171,14756,The Raid 2,2014.0,80,166,87.0,24167.0,148.0,1.0,1,1,0.0,2.0
tt2268016,9396,Magic Mike XXL,2015.0,66,232,55.0,34977.0,115.0,0.0,0,1,0.0,0.0
tt2275743,3277,"Berlin, I Love You",2019.0,11,18,31.0,80.0,120.0,0.0,0,1,0.0,0.0
tt2275794,6825,Gori Tere Pyaar Mein,2013.0,44,9,27.0,531.0,150.0,0.0,0,1,0.0,0.0
tt2292959,13841,The Canyons,2013.0,22,93,15.0,3183.0,100.0,0.0,0,1,0.0,1.0
tt2297164,5372,Doomsday Book,,80,5,55.0,329.0,113.0,1.0,0,1,,2.0
tt2304771,9481,Mandela: Long Walk to Freedom,2013.0,60,139,68.0,22430.0,141.0,0.0,0,1,0.0,0.0
tt2304915,14202,The Green Prince,2014.0,77,52,83.0,1716.0,101.0,1.0,1,1,0.0,0.0
tt2304953,11630,Reasonable Doubt,2014.0,13,8,31.0,2266.0,91.0,0.0,0,1,0.0,0.0
tt2306745,12849,Sound City,2013.0,98,45,90.0,6905.0,108.0,1.0,1,1,0.0,1.0
tt2309260,14132,The Gallows,2015.0,14,113,22.0,13333.0,87.0,0.0,0,1,0.0,6.0
tt2310332,14254,The Hobbit: The Battle of the Five Armies,2014.0,59,254,74.0,214805.0,144.0,0.0,0,1,0.0,0.0
tt2314886,329,Breakout,,33,9,42.0,1946.0,96.0,0.0,0,1,,7.0
tt2318625,10847,Out in the Dark,2013.0,79,28,82.0,1494.0,96.0,1.0,0,1,1.0,0.0
tt2322441,6059,Fifty Shades of Grey,2015.0,24,275,41.0,83607.0,110.0,0.0,0,1,0.0,15.0
tt2325517,2466,Almost Human,2014.0,45,22,22.0,608.0,80.0,0.0,0,1,1.0,0.0
tt2325518,3260,Beneath,2013.0,33,15,14.0,192.0,90.0,0.0,0,1,0.0,0.0
tt2326574,14314,The Identical,2014.0,6,68,62.0,5298.0,107.0,0.0,0,1,0.0,0.0
tt2328922,8032,It Felt Like Love,2014.0,84,25,43.0,1014.0,82.0,1.0,0,1,1.0,0.0
tt2334649,6440,Fruitvale Station,2013.0,94,205,87.0,39133.0,84.0,1.0,1,1,0.0,1.0
tt2334733,9362,Madame Bovary,2015.0,43,68,27.0,2936.0,118.0,0.0,0,1,1.0,0.0
tt2334871,12717,Snatched,2017.0,36,207,30.0,16419.0,91.0,0.0,0,1,0.0,1.0
tt2339741,15096,The Woman in Black 2 Angel of Death,2015.0,23,81,24.0,17789.0,98.0,0.0,0,1,1.0,0.0
tt2343601,8571,Knuckleball!,2012.0,94,17,84.0,758.0,90.0,1.0,0,1,0.0,3.0
tt2345613,8874,Leprechaun: Origins,2014.0,0,7,10.0,578.0,90.0,0.0,0,1,0.0,0.0
tt2356180,3348,Bhaag Milkha Bhaag,2013.0,76,17,84.0,1765.0,188.0,1.0,0,1,0.0,2.0
tt2357770,15075,All The Wilderness,2015.0,60,25,42.0,441.0,80.0,0.0,0,1,1.0,5.0
tt2357788,3817,Bridegroom,2013.0,82,11,87.0,860.0,79.0,1.0,0,1,0.0,1.0
tt2358456,7611,I Am Big Bird: The Caroll Spinney Story,2015.0,83,70,79.0,2734.0,90.0,1.0,1,1,1.0,4.0
tt2358891,14187,The Great Beauty,2013.0,91,130,80.0,15429.0,142.0,1.0,1,1,0.0,1.0
tt2359024,3617,Blue Ruin,2014.0,96,140,79.0,19534.0,90.0,1.0,1,1,1.0,0.0
tt2359427,9010,Linsanity,2013.0,63,24,77.0,692.0,88.0,0.0,0,1,0.0,1.0
tt2364841,12036,Runner Runner,2013.0,8,119,33.0,43036.0,91.0,0.0,0,1,0.0,3.0
tt2366450,13136,Stories We Tell,2013.0,94,141,79.0,14767.0,108.0,1.0,1,1,1.0,0.0
tt2366608,9199,Lost River,2015.0,31,72,38.0,3184.0,105.0,0.0,0,1,1.0,10.0
tt2372776,7110,Harry Dean Stanton: Partly Fiction,2013.0,92,26,76.0,392.0,77.0,1.0,0,1,1.0,0.0
tt2375605,13655,The Act Of Killing,2013.0,95,153,85.0,14957.0,116.0,1.0,1,1,1.0,1.0
tt2376218,14103,The Forger,2015.0,9,44,32.0,956.0,92.0,0.0,0,1,1.0,3.0
tt2380307,4494,Coco,2017.0,97,330,94.0,26889.0,109.0,1.0,1,1,0.0,4.0
tt2381249,9891,Mission: Impossible Rogue Nation,2015.0,93,311,87.0,92847.0,131.0,1.0,1,1,0.0,0.0
tt2382298,8958,Life Itself,2014.0,97,198,88.0,13343.0,120.0,1.0,1,1,0.0,1.0
tt2387408,13929,The Damned,2014.0,8,12,18.0,452.0,87.0,0.0,0,1,1.0,0.0
tt2387499,8408,Keeping Up With The Joneses,2016.0,19,121,37.0,14091.0,101.0,0.0,0,1,0.0,4.0
tt2395385,1851,1,2013.0,82,11,39.0,1338.0,95.0,1.0,0,1,0.0,1.0
tt2401223,11806,Richard Pryor: Omit The Logic,,86,7,75.0,256.0,90.0,1.0,0,1,,7.0
tt2401878,2686,Anomalisa,2015.0,92,265,70.0,19558.0,96.0,1.0,1,1,0.0,6.0
tt2402927,4109,Carol,2015.0,94,297,74.0,29435.0,118.0,1.0,1,1,0.0,0.0
tt2402985,11185,Ping Pong Summer,2014.0,59,34,32.0,555.0,92.0,0.0,0,1,0.0,0.0
tt2403558,4150,Catch Hell,2014.0,0,6,31.0,325.0,98.0,0.0,0,1,0.0,0.0
tt2404425,16412,Woman in Gold,2015.0,57,152,79.0,17983.0,110.0,0.0,0,1,0.0,1.0
tt2409302,16285,Why Don't You Play in Hell?,2014.0,80,41,80.0,2749.0,126.0,1.0,1,1,1.0,3.0
tt2409818,10768,Open Windows,2014.0,40,42,20.0,1853.0,100.0,0.0,0,1,0.0,0.0
tt2417712,6818,Goon: Last of the Enforcers,2017.0,42,59,42.0,3479.0,,0.0,0,1,0.0,
tt2418372,2213,Abuse of Weakness,2014.0,85,34,54.0,411.0,104.0,1.0,0,1,1.0,1.0
tt2436046,2709,Antboy,2014.0,43,7,36.0,490.0,77.0,0.0,0,1,1.0,0.0
tt2436682,14010,The Duel,2016.0,26,19,30.0,1122.0,110.0,0.0,0,1,0.0,0.0
tt2446600,10408,Next Goal Wins,2014.0,100,30,88.0,699.0,97.0,1.0,0,1,0.0,0.0
tt2450334,10483,No Clue,,40,5,49.0,98.0,96.0,0.0,0,1,,0.0
tt2452042,14684,The Peanuts Movie,2015.0,87,193,76.0,66964.0,92.0,1.0,1,1,0.0,4.0
tt2452244,8022,Isn't It Romantic,2019.0,70,164,48.0,2686.0,,0.0,0,1,0.0,
tt2465140,14862,The Single Moms Club,2014.0,19,27,58.0,26786.0,111.0,0.0,0,1,0.0,0.0
tt2467046,8832,Left Behind,2014.0,1,68,38.0,20592.0,110.0,0.0,0,1,0.0,0.0
tt2473510,10961,Paranormal Activity: The Ghost Dimension,2015.0,14,76,27.0,25232.0,97.0,0.0,0,1,0.0,9.0
tt2474932,5143,Despite The Falling Snow,2017.0,9,22,42.0,232.0,93.0,0.0,0,1,1.0,0.0
tt2475154,5632,Elena,2012.0,94,65,73.0,2794.0,109.0,1.0,1,1,0.0,29.0
tt2481554,10148,Murder of a Cat,2014.0,27,11,29.0,214.0,101.0,0.0,0,1,0.0,0.0
tt2486678,1959,5 to 7,2015.0,69,55,70.0,2359.0,95.0,0.0,0,1,1.0,0.0
tt2489734,14973,The Trials Of Muhammad Ali,2013.0,89,38,85.0,438.0,94.0,1.0,0,1,0.0,8.0
tt2497980,14502,The Lookalike,2014.0,20,5,48.0,214.0,100.0,0.0,0,1,0.0,0.0
tt2499076,13918,The Crash Reel,2013.0,96,46,94.0,2103.0,109.0,1.0,1,1,0.0,1.0
tt2499414,3291,Best Night Ever,2014.0,0,14,37.0,622.0,82.0,0.0,0,1,1.0,8.0
tt2507280,10076,Mr. Jones,2014.0,50,10,19.0,461.0,84.0,0.0,0,1,1.0,0.0
tt2510434,2396,Alien Abduction,2014.0,28,18,22.0,952.0,85.0,0.0,0,1,0.0,0.0
tt2518788,1851,1,2013.0,82,11,39.0,1338.0,95.0,1.0,0,1,0.0,17.0
tt2531318,13738,The Beatles: Eight Days a Week - The Touring Years,2016.0,96,101,89.0,7976.0,,1.0,1,1,0.0,
tt2532528,5246,Dirty Wars,2013.0,84,70,74.0,3679.0,87.0,1.0,1,1,0.0,0.0
tt2543164,2791,Arrival,2016.0,94,411,82.0,82412.0,116.0,1.0,1,1,0.0,0.0
tt2543472,16426,Wonder,2017.0,85,184,88.0,18658.0,113.0,1.0,1,1,0.0,0.0
tt2543702,3989,By The Gun,2014.0,40,5,19.0,324.0,109.0,0.0,0,1,0.0,1.0
tt2544734,3930,Bullet,,11,9,13.0,200.0,87.0,0.0,0,1,,0.0
tt2548738,11799,Rich Hill,2014.0,85,48,81.0,1648.0,91.0,1.0,1,1,0.0,0.0
tt2557478,10895,Pacific Rim Uprising,2018.0,44,248,39.0,32176.0,111.0,0.0,0,1,0.0,0.0
tt2577990,15788,Valentine Road,,91,11,87.0,173.0,89.0,1.0,0,1,,0.0
tt2581244,8946,Life After Beth,2014.0,44,95,30.0,7065.0,91.0,0.0,0,1,0.0,2.0
tt2582496,9657,Me and Earl and the Dying Girl,2015.0,81,208,86.0,25620.0,104.0,1.0,1,1,0.0,1.0
tt2582802,16214,Whiplash,2014.0,93,290,94.0,69688.0,106.0,1.0,1,1,0.0,0.0
tt2620736,8302,Jug Face,2013.0,76,21,36.0,1312.0,81.0,1.0,0,1,0.0,0.0
tt2624412,3719,Boulevard,2015.0,51,72,29.0,3265.0,88.0,0.0,0,1,1.0,0.0
tt2637294,7476,Hot Tub Time Machine 2,2015.0,13,105,26.0,35019.0,93.0,0.0,0,1,0.0,0.0
tt2638144,3255,Ben-Hur,2016.0,25,187,53.0,18957.0,124.0,0.0,0,1,0.0,1.0
tt2667380,8450,Kill Command,2016.0,75,12,44.0,1653.0,99.0,1.0,0,1,0.0,0.0
tt2667960,9875,Miss Julie,2014.0,51,53,25.0,630.0,133.0,0.0,0,1,0.0,4.0
tt2674358,14304,The Hunter's Prayer,2017.0,33,21,23.0,339.0,91.0,0.0,0,1,0.0,0.0
tt2689958,3394,Big Sky,2015.0,18,11,10.0,239.0,90.0,0.0,0,1,0.0,0.0
tt2692904,9091,Locke,2014.0,90,210,72.0,27867.0,85.0,1.0,1,1,1.0,0.0
tt2713180,6471,Fury,2014.0,76,255,84.0,107373.0,135.0,1.0,1,1,0.0,1.0
tt2714380,14774,The Remaining,2014.0,50,10,38.0,3688.0,83.0,0.0,0,1,0.0,5.0
tt2714900,6106,Finding Vivian Maier,2014.0,95,99,89.0,9022.0,84.0,1.0,1,1,1.0,1.0
tt2726552,2074,A Kind of Murder,2016.0,38,16,14.0,485.0,95.0,0.0,0,1,0.0,0.0
tt2752758,5176,Devil's Due,2014.0,18,56,21.0,21167.0,89.0,0.0,0,1,0.0,0.0
tt2756032,14636,The One I Love,2014.0,82,93,76.0,10067.0,91.0,1.0,1,1,0.0,0.0
tt2763304,13388,T2 Trainspotting,2017.0,81,242,78.0,16126.0,118.0,1.0,1,1,0.0,1.0
tt2771200,3174,Beauty and the Beast,2017.0,71,363,80.0,86026.0,129.0,0.0,0,1,0.0,0.0
tt2772092,2715,Antisocial,,14,7,18.0,210.0,90.0,0.0,0,1,,0.0
tt2781516,16406,WolfCop,,65,20,45.0,741.0,79.0,0.0,0,1,,0.0
tt2788716,16094,Welcome to Me,2015.0,74,108,46.0,10054.0,87.0,0.0,0,1,1.0,0.0
tt2800038,2857,Atlas Shrugged: Who Is John Galt?,2014.0,0,10,40.0,4241.0,98.0,0.0,0,1,0.0,1.0
tt2802144,8522,Kingsman: The Secret Service,2015.0,74,251,84.0,125173.0,128.0,0.0,1,1,1.0,1.0
tt2814362,15720,United Passions,2015.0,0,16,11.0,292.0,110.0,0.0,0,1,1.0,0.0
tt2820852,6469,Furious 7,2015.0,81,266,82.0,194777.0,140.0,1.0,1,1,0.0,3.0
tt2822578,6869,Gravy,2015.0,30,10,41.0,227.0,95.0,0.0,0,1,0.0,0.0
tt2852400,2149,A Touch of Sin,2013.0,94,82,74.0,3877.0,125.0,1.0,1,1,0.0,5.0
tt2852406,10679,Omar,2014.0,89,85,84.0,5109.0,96.0,1.0,1,1,1.0,2.0
tt2852470,14569,The Missing Picture,2014.0,99,88,76.0,5822.0,96.0,1.0,1,1,1.0,4.0
tt2866360,4509,Coherence,2014.0,88,88,81.0,7579.0,89.0,1.0,1,1,1.0,0.0
tt2869728,11813,Ride Along 2,2016.0,14,116,48.0,35010.0,102.0,0.0,0,1,0.0,0.0
tt2873214,2991,Bad Turn Worse,2014.0,80,41,51.0,1200.0,91.0,1.0,1,1,1.0,1.0
tt2883512,4266,Chef,2014.0,87,186,85.0,59690.0,115.0,1.0,1,1,0.0,1.0
tt2884206,7676,I Origins,2014.0,51,103,69.0,7410.0,107.0,0.0,0,1,0.0,1.0
tt2885364,16339,Willow Creek,2014.0,81,57,33.0,7777.0,80.0,1.0,1,1,1.0,0.0
tt2891174,1993,99 Homes,2015.0,93,151,78.0,15626.0,112.0,1.0,1,1,1.0,0.0
tt2893490,9486,Manglehorn,2015.0,50,82,25.0,1552.0,97.0,0.0,0,1,1.0,0.0
tt2901736,7756,Ilo Ilo,2014.0,100,43,78.0,3579.0,99.0,1.0,1,1,1.0,0.0
tt2914892,14847,The Seventh Dwarf,2015.0,22,9,28.0,118.0,87.0,0.0,0,1,1.0,0.0
tt2923316,2540,American Heist,2015.0,13,16,18.0,1982.0,94.0,0.0,0,1,1.0,0.0
tt2925642,8443,Kids for Cash,2014.0,92,36,74.0,4307.0,104.0,1.0,0,1,1.0,2.0
tt2948356,16633,Zootopia,2016.0,97,279,92.0,100946.0,108.0,1.0,1,1,0.0,0.0
tt2948566,3536,Bleed,2016.0,43,7,32.0,247.0,82.0,0.0,0,1,0.0,0.0
tt2948790,11776,Return to Sender,2015.0,14,35,24.0,2513.0,105.0,0.0,0,1,0.0,13.0
tt2955096,7060,Happy Christmas,2014.0,75,73,37.0,7746.0,78.0,1.0,1,1,0.0,4.0
tt2960930,5874,Extraterrestrial,2014.0,29,38,26.0,5504.0,107.0,0.0,0,1,0.0,6.0
tt2962726,13685,The Anomaly,2015.0,0,17,24.0,1364.0,97.0,0.0,0,1,1.0,0.0
tt2981768,11010,Patema Inverted,2014.0,73,15,80.0,873.0,99.0,0.0,0,1,1.0,1.0
tt2984576,5030,Death House,2018.0,40,5,42.0,206.0,95.0,0.0,0,1,1.0,0.0
tt2990126,489,100 Streets,2017.0,41,39,36.0,1540.0,93.0,0.0,0,1,1.0,0.0
tt2991296,3260,Beneath,2013.0,33,15,14.0,192.0,90.0,0.0,0,1,0.0,1.0
tt3033080,5867,Extinction,2015.0,20,10,33.0,1914.0,110.0,0.0,0,1,1.0,7.0
tt3038142,7910,Inner Demons,2014.0,60,10,33.0,322.0,83.0,0.0,0,1,0.0,2.0
tt3038708,8005,Iron Sky: The Coming Race,2019.0,29,7,23.0,30.0,92.0,0.0,0,1,0.0,1.0
tt3040964,14369,The Jungle Book,2016.0,95,316,86.0,94379.0,111.0,1.0,1,1,0.0,5.0
tt3043252,10965,Parched,2016.0,86,22,66.0,255.0,116.0,1.0,0,1,1.0,0.0
tt3060492,3208,Before I Disappear,2014.0,37,30,67.0,1744.0,93.0,0.0,0,1,0.0,0.0
tt3093286,13677,The American Side,2016.0,79,19,80.0,847.0,104.0,1.0,0,1,0.0,14.0
tt3093522,2621,Cymbeline,2015.0,31,29,14.0,1735.0,98.0,0.0,0,1,1.0,0.0
tt3094252,5571,Echoes of War,2015.0,31,13,42.0,131.0,100.0,0.0,0,1,0.0,0.0
tt3128900,9876,Miss Meadows,2014.0,25,20,33.0,1605.0,88.0,0.0,0,1,0.0,0.0
tt3129564,5233,Diplomacy,2014.0,94,49,81.0,4308.0,85.0,1.0,1,1,0.0,1.0
tt3149038,2021,A Brilliant Young Mind,2015.0,87,75,78.0,7229.0,111.0,1.0,1,1,1.0,0.0
tt3155242,10984,Partisan,2015.0,57,47,38.0,1273.0,98.0,0.0,0,1,0.0,4.0
tt3165630,13745,The Benefactor,2016.0,26,54,23.0,1207.0,92.0,0.0,0,1,1.0,1.0
tt3168808,2099,A Murder In The Park,2015.0,76,17,67.0,303.0,93.0,1.0,0,1,1.0,2.0
tt3169706,11362,Pride,2014.0,91,147,89.0,16158.0,120.0,1.0,1,1,0.0,1.0
tt3177316,7428,Honeymoon,2014.0,75,55,44.0,5868.0,87.0,1.0,0,1,0.0,0.0
tt3181822,13805,The Boy Next Door,2015.0,11,133,33.0,28705.0,91.0,0.0,0,1,0.0,0.0
tt3183660,5942,Fantastic Beasts and Where to Find Them,2016.0,75,326,79.0,87522.0,132.0,1.0,1,1,0.0,0.0
tt3203616,13883,The Cobbler,2015.0,9,68,36.0,9445.0,98.0,0.0,0,1,1.0,1.0
tt3212232,7632,I Am Wrath,2016.0,11,9,33.0,1410.0,92.0,0.0,0,1,0.0,0.0
tt3236976,13218,Submerged,2015.0,25,8,22.0,116.0,99.0,0.0,0,1,1.0,0.0
tt3253624,12737,Soaked In Bleach,2015.0,30,10,76.0,1093.0,89.0,0.0,0,1,0.0,1.0
tt3254796,3397,Big Stone Gap,2015.0,38,21,53.0,1217.0,96.0,0.0,0,1,1.0,7.0
tt3263996,14666,The Overnighters,2014.0,99,72,85.0,2972.0,90.0,1.0,1,1,0.0,12.0
tt3268668,4087,Captive,2015.0,27,52,43.0,4818.0,97.0,0.0,0,1,0.0,0.0
tt3275216,9508,Manson Family Vacation,,100,14,56.0,426.0,84.0,1.0,0,1,,0.0
tt3280262,4792,Cult of Chucky,,78,23,47.0,1616.0,91.0,1.0,0,1,,0.0
tt3281548,9062,Little Women,2018.0,29,24,75.0,216.0,112.0,0.0,0,1,1.0,23.0
tt3289712,8161,Jenny's Wedding,2015.0,25,16,33.0,1152.0,95.0,0.0,0,1,0.0,1.0
tt3297792,13321,Survivor,2015.0,8,48,32.0,5511.0,96.0,0.0,0,1,1.0,3.0
tt3311020,3128,Be Afraid,2017.0,18,11,29.0,108.0,99.0,0.0,0,1,0.0,0.0
tt3315342,9096,Logan,2017.0,93,397,90.0,92042.0,135.0,1.0,1,1,0.0,2.0
tt3316960,13105,Still Alice,2015.0,85,199,85.0,37131.0,99.0,1.0,1,1,1.0,2.0
tt3322940,2675,Annabelle,2014.0,29,130,36.0,49325.0,98.0,0.0,0,1,0.0,1.0
tt3348730,8189,Jigsaw,2017.0,33,87,90.0,29249.0,91.0,0.0,0,1,0.0,1.0
tt3365778,11748,Breathe,2015.0,92,51,78.0,1532.0,91.0,1.0,1,1,1.0,0.0
tt3387542,14100,The Forest,2016.0,10,136,22.0,14556.0,94.0,0.0,0,1,0.0,1.0
tt3395582,13259,Sun Choke,2016.0,88,25,44.0,508.0,90.0,1.0,0,1,1.0,7.0
tt3397918,7074,Harbinger Down,2015.0,43,7,19.0,378.0,82.0,0.0,0,1,0.0,0.0
tt3409392,15281,Timbuktu,2015.0,98,120,77.0,9572.0,97.0,1.0,1,1,1.0,1.0
tt3450958,15991,War for the Planet of the Apes,2017.0,94,342,84.0,56601.0,140.0,1.0,1,1,0.0,0.0
tt3462710,15711,Unforgettable,2017.0,26,118,33.0,6356.0,101.0,0.0,0,1,0.0,1.0
tt3465916,13049,Stations of the Cross,2015.0,92,25,73.0,2649.0,107.0,1.0,0,1,1.0,3.0
tt3474788,14147,The Gift,2015.0,92,186,75.0,50972.0,108.0,1.0,1,1,1.0,5.0
tt3486626,14629,The Nut Job 2: Nutty by Nature,2017.0,15,62,44.0,7248.0,86.0,0.0,0,1,0.0,5.0
tt3487994,3591,Bloodsucking Bastards,2015.0,65,23,48.0,439.0,87.0,0.0,0,1,0.0,1.0
tt3488184,1975,7 Chinese Brothers,2015.0,77,35,44.0,528.0,76.0,1.0,0,1,0.0,0.0
tt3491962,10866,Outlaws and Angels,2016.0,29,28,50.0,333.0,120.0,0.0,0,1,0.0,0.0
tt3496372,14349,The Intruders,,17,6,21.0,339.0,92.0,0.0,0,1,,0.0
tt3498820,4075,Captain America: Civil War,2016.0,91,398,89.0,179151.0,146.0,1.0,1,1,0.0,1.0
tt3499048,6953,Güeros,2015.0,92,51,80.0,1299.0,106.0,1.0,1,1,1.0,0.0
tt3501590,8049,Ithaca,2016.0,22,18,31.0,321.0,96.0,0.0,0,1,1.0,0.0
tt3505712,15290,Time Out Of Mind,2015.0,79,87,41.0,2224.0,117.0,1.0,1,1,1.0,3.0
tt3518988,7097,Harmontown,2014.0,79,24,80.0,609.0,101.0,1.0,0,1,0.0,0.0
tt3520418,16048,We Are Still Here,2015.0,95,43,48.0,4618.0,84.0,1.0,1,1,0.0,0.0
tt3521126,13990,The Disaster Artist,2017.0,91,330,86.0,14850.0,104.0,1.0,1,1,0.0,0.0
tt3522806,9674,Mechanic: Resurrection,2016.0,32,57,40.0,25574.0,110.0,0.0,0,1,0.0,12.0
tt3544082,1936,45 Years,2015.0,97,203,67.0,13721.0,95.0,1.0,1,1,0.0,4.0
tt3553976,4079,Captain Fantastic,2016.0,82,218,85.0,22051.0,119.0,1.0,1,1,0.0,1.0
tt3560148,6014,"Fear, Inc.",2016.0,45,11,39.0,240.0,90.0,0.0,0,1,0.0,0.0
tt3563262,13219,Submergence,2018.0,21,52,33.0,234.0,112.0,0.0,0,1,1.0,0.0
tt3566788,12827,Songs My Brothers Taught Me,2016.0,91,22,64.0,441.0,98.0,1.0,0,1,1.0,0.0
tt3567666,13172,Stratton,2018.0,0,34,19.0,176.0,95.0,0.0,0,1,1.0,1.0
tt3569356,10562,Not Cool,2014.0,14,7,75.0,2110.0,93.0,0.0,0,1,0.0,0.0
tt3576084,16614,Zero Motivation,2014.0,87,46,77.0,1458.0,90.0,1.0,1,1,0.0,7.0
tt3606888,2139,A Street Cat Named Bob,2016.0,77,64,76.0,4854.0,103.0,1.0,1,1,0.0,0.0
tt3610746,5354,Don't Hang Up,2017.0,25,16,30.0,615.0,,0.0,0,1,1.0,
tt3619070,2475,Along Came the Devil,2018.0,38,8,45.0,69.0,89.0,0.0,0,1,0.0,0.0
tt3620762,2659,Anguish,2015.0,62,13,25.0,304.0,91.0,0.0,0,1,0.0,0.0
tt3622110,5356,Don't Knock Twice,2017.0,21,24,22.0,715.0,93.0,0.0,0,1,1.0,0.0
tt3627704,11124,Phantasm: Ravager,2016.0,57,14,30.0,699.0,100.0,0.0,0,1,0.0,15.0
tt3628584,3043,Barbershop: The Next Cut,2016.0,90,93,66.0,19790.0,112.0,1.0,1,1,0.0,1.0
tt3671542,7372,Holding The Man,,81,26,81.0,870.0,128.0,1.0,0,1,,1.0
tt3674140,14815,The Salt of the Earth,2015.0,95,93,90.0,8200.0,110.0,1.0,1,1,1.0,0.0
tt3675748,16509,Yakuza Apocalypse,2015.0,63,40,39.0,489.0,115.0,0.0,0,1,0.0,0.0
tt3685622,1961,600 Miles,,94,31,40.0,326.0,83.0,1.0,0,1,,2.0
tt3686998,14767,The Red Pill,2016.0,29,7,92.0,1457.0,117.0,0.0,0,1,0.0,9.0
tt3697626,2066,A Hard Day,2015.0,81,32,77.0,701.0,111.0,1.0,0,1,1.0,0.0
tt3703148,4345,Christmas Eve,2015.0,0,10,53.0,957.0,95.0,0.0,0,1,0.0,0.0
tt3707104,9840,Mine,2017.0,17,30,44.0,1242.0,107.0,0.0,0,1,1.0,1.0
tt3716530,5648,Elle,2016.0,91,235,73.0,11875.0,130.0,1.0,1,1,0.0,0.0
tt3717804,5708,England Is Mine,2017.0,52,65,38.0,466.0,94.0,0.0,0,1,0.0,0.0
tt3719896,10178,My All American,2015.0,32,44,77.0,3889.0,118.0,0.0,0,1,0.0,0.0
tt3721954,9620,Maudie,2017.0,89,147,89.0,7548.0,115.0,1.0,1,1,1.0,0.0
tt3722062,3655,Bokeh,2017.0,45,20,24.0,522.0,104.0,0.0,0,1,0.0,12.0
tt3750872,15071,The Wife,2018.0,85,213,76.0,2176.0,100.0,1.0,1,1,1.0,1.0
tt3780208,4903,Dark Signal,2017.0,33,6,35.0,82.0,105.0,0.0,0,1,1.0,7.0
tt3799694,14608,The Nice Guys,2016.0,93,300,79.0,55822.0,116.0,1.0,1,1,0.0,0.0
tt3808342,12812,Son of Saul,2015.0,96,226,80.0,12940.0,107.0,1.0,1,1,0.0,0.0
tt3819668,5435,Dragon Ball Z: Resurrection 'F',2015.0,83,18,84.0,9556.0,93.0,1.0,0,1,0.0,0.0
tt3824458,13444,Tangerine,2015.0,96,154,76.0,11290.0,88.0,1.0,1,1,0.0,0.0
tt3829266,14718,The Predator,2018.0,32,277,34.0,6711.0,,0.0,0,1,0.0,
tt3833520,8083,Jack of the Red Hearts,2015.0,50,12,61.0,331.0,100.0,0.0,0,1,0.0,2.0
tt3835080,1905,31,2016.0,47,45,35.0,4479.0,103.0,0.0,0,1,0.0,1.0
tt3850214,5375,Dope,2015.0,88,155,83.0,33945.0,115.0,1.0,1,1,0.0,12.0
tt3859310,7557,How to Talk to Girls at Parties,2018.0,46,91,39.0,739.0,102.0,0.0,0,1,1.0,0.0
tt3864024,8792,Lazer Team,2016.0,59,34,69.0,4262.0,102.0,0.0,0,1,1.0,0.0
tt3896198,6951,Guardians of the Galaxy Vol. 2,2017.0,84,395,87.0,108021.0,137.0,1.0,1,1,0.0,1.0
tt3901826,13814,The Breadwinner,2017.0,95,101,86.0,1923.0,93.0,1.0,1,1,0.0,1.0
tt3919598,14336,The Inhabitants,,71,7,12.0,90.0,90.0,0.0,0,1,,0.0
tt3966404,10168,Mustang,2015.0,97,147,88.0,8662.0,97.0,1.0,1,1,0.0,0.0
tt3966544,9201,Lost Soul: The Doomed Journey of Richard Stanley's Island of Dr. Moreau,,100,8,86.0,442.0,97.0,1.0,0,1,,0.0
tt3970482,11944,Roger Waters The Wall,2015.0,100,6,94.0,610.0,131.0,1.0,0,1,1.0,1.0
tt3976144,14574,The Monster,2016.0,80,46,40.0,4779.0,91.0,1.0,1,1,0.0,0.0
tt4000956,3883,Brother Nature,2016.0,57,7,31.0,190.0,97.0,0.0,0,1,0.0,0.0
tt4008652,7610,I Am Ali,2014.0,61,23,59.0,642.0,111.0,0.0,0,1,0.0,0.0
tt4054654,5306,Dog Eat Dog,2016.0,51,69,18.0,704.0,95.0,0.0,0,1,0.0,2.0
tt4063178,13999,The Dog Lover,2016.0,22,9,51.0,133.0,101.0,0.0,0,1,0.0,0.0
tt4073790,13939,The Darkest Minds,2018.0,16,134,73.0,2656.0,105.0,0.0,0,1,0.0,1.0
tt4074928,11626,Realive,2017.0,79,29,53.0,443.0,112.0,1.0,0,1,1.0,0.0
tt4076756,3232,Being Evel,2015.0,97,38,83.0,585.0,99.0,1.0,0,1,0.0,0.0
tt4076760,5186,Diablo,2016.0,19,21,27.0,559.0,90.0,0.0,0,1,1.0,0.0
tt4083572,15769,Urge,2016.0,0,6,26.0,433.0,89.0,0.0,0,1,0.0,0.0
tt4102722,14616,The Night Watchmen,,83,6,75.0,108.0,80.0,1.0,0,1,,0.0
tt4116284,14460,The Lego Batman Movie,2017.0,89,304,80.0,46206.0,90.0,1.0,1,1,0.0,14.0
tt4126304,4121,Cartel Land,2015.0,90,99,82.0,9024.0,98.0,1.0,1,1,0.0,2.0
tt4126394,4919,Darling,2016.0,71,28,45.0,484.0,78.0,0.0,0,1,1.0,0.0
tt4126568,10767,Open Water 3: Cage Dive,2017.0,25,8,14.0,212.0,80.0,0.0,0,1,0.0,0.0
tt4144190,16295,Wiener-Dog,2016.0,74,112,41.0,3426.0,90.0,0.0,1,1,0.0,2.0
tt4145304,15705,Unexpected,2015.0,66,58,44.0,4140.0,90.0,0.0,0,1,0.0,0.0
tt4149732,4772,Crush The Skull,,100,6,51.0,141.0,80.0,1.0,0,1,,3.0
tt4154796,2900,Avengers: Endgame,2019.0,94,486,91.0,66152.0,182.0,1.0,1,1,0.0,1.0
tt4160708,5348,Don't Breathe,2016.0,88,222,78.0,40340.0,88.0,1.0,1,1,0.0,0.0
tt4163224,10017,Most Likely to Die,2016.0,40,5,11.0,206.0,90.0,0.0,0,1,1.0,10.0
tt4181052,12895,Special Correspondents,,17,36,28.0,867.0,100.0,0.0,0,1,,1.0
tt4189494,10798,Ordinary World,2016.0,47,17,47.0,453.0,87.0,0.0,0,1,0.0,1.0
tt4190530,2712,Anthropoid,2016.0,66,103,70.0,6519.0,120.0,0.0,0,1,0.0,0.0
tt4191054,13162,Strange Magic,2015.0,16,58,52.0,12224.0,99.0,0.0,0,1,0.0,0.0
tt4209788,9923,Molly's Game,2018.0,82,289,84.0,11541.0,140.0,1.0,1,1,1.0,0.0
tt4217392,8609,Kung-Fu Yoga,2017.0,48,23,17.0,6.0,107.0,0.0,0,1,0.0,0.0
tt4255110,4619,Contracted: Phase II,2015.0,38,13,14.0,289.0,79.0,0.0,0,1,0.0,1.0
tt4265508,2499,Amateur Night,2016.0,0,6,26.0,356.0,93.0,0.0,0,1,0.0,1.0
tt4276820,14108,The Founder,2017.0,81,236,82.0,32161.0,115.0,1.0,1,1,1.0,0.0
tt4284010,16137,"What Happened, Miss Simone?",2015.0,89,45,85.0,1737.0,102.0,1.0,1,1,0.0,1.0
tt4316236,13776,The Black Panthers: Vanguard Of The Revolution,2015.0,92,63,71.0,2206.0,113.0,1.0,1,1,0.0,2.0
tt4323370,13323,Survivors Guide to Prison,2018.0,100,13,68.0,190.0,102.0,1.0,0,1,0.0,0.0
tt4335650,4107,Carnage Park,2016.0,62,21,30.0,416.0,81.0,0.0,0,1,0.0,9.0
tt4337690,1987,90 Minutes In Heaven,2015.0,24,21,50.0,5334.0,121.0,0.0,0,1,0.0,0.0
tt4353250,14410,The Last Black Man in San Francisco,2019.0,93,186,84.0,505.0,120.0,1.0,1,1,0.0,1.0
tt4353996,14394,The King's Choice,2017.0,84,25,82.0,494.0,130.0,1.0,0,1,1.0,3.0
tt4382824,2783,Army of One,2016.0,25,12,25.0,546.0,92.0,0.0,0,1,0.0,0.0
tt4382872,5870,Extraction,2015.0,6,18,17.0,1062.0,96.0,0.0,0,1,0.0,4.0
tt4399952,14491,The Lodgers,2018.0,56,43,43.0,255.0,92.0,0.0,0,1,1.0,0.0
tt4414438,8034,It Had to Be You,2016.0,60,5,42.0,146.0,85.0,0.0,0,1,1.0,0.0
tt4437216,6690,Goat,2016.0,79,75,45.0,4007.0,96.0,1.0,1,1,0.0,0.0
tt4441422,7035,Hangman,,100,6,29.0,124.0,85.0,1.0,0,1,,0.0
tt4459912,7428,Honeymoon,2014.0,75,55,44.0,5868.0,87.0,1.0,0,1,1.0,9.0
tt4462372,2914,AWOL,2017.0,93,15,56.0,247.0,85.0,1.0,0,1,1.0,3.0
tt4465564,6056,Fifty Shades Darker,2017.0,11,195,48.0,27486.0,115.0,0.0,0,1,0.0,3.0
tt4477536,6057,Fifty Shades Freed,2018.0,12,180,37.0,5624.0,101.0,0.0,0,1,0.0,4.0
tt4486986,2422,All I See Is You,2017.0,27,55,31.0,1524.0,110.0,0.0,0,1,1.0,1.0
tt4516352,3298,Bethany,2017.0,29,7,43.0,60.0,,0.0,0,1,0.0,
tt4550098,10518,Nocturnal Animals,2016.0,74,287,73.0,29920.0,115.0,0.0,1,1,0.0,1.0
tt4557956,4691,Crash Pad,2017.0,54,13,54.0,197.0,93.0,0.0,0,1,0.0,2.0
tt4567486,14564,The Mind's Eye,2016.0,62,26,35.0,290.0,87.0,0.0,0,1,1.0,0.0
tt4573516,12667,Sleight,2017.0,77,44,52.0,5799.0,90.0,1.0,1,1,1.0,1.0
tt4575576,4349,Christopher Robin,2018.0,73,263,83.0,5472.0,120.0,0.0,0,1,0.0,16.0
tt4577344,4478,ClownTown,2016.0,9,11,30.0,111.0,82.0,0.0,0,1,0.0,4.0
tt4632316,6672,Gleason,2016.0,96,68,90.0,3875.0,110.0,1.0,1,1,0.0,0.0
tt4662420,2431,All Nighter,2017.0,8,13,35.0,375.0,86.0,0.0,0,1,0.0,0.0
tt4686108,9235,Love Beats Rhymes,2017.0,50,8,69.0,78.0,106.0,0.0,0,1,0.0,0.0
tt4687358,3338,Beyond the Gates,2016.0,82,22,28.0,756.0,83.0,1.0,0,1,0.0,1.0
tt4725842,6661,Girls with Balls,,30,10,20.0,35.0,77.0,0.0,0,1,,0.0
tt4729560,14486,The Little Vampire 3D,,14,14,55.0,84.0,82.0,0.0,0,1,,1.0
tt4729990,12643,Slash,2016.0,91,23,56.0,571.0,100.0,1.0,0,1,0.0,0.0
tt4730986,5283,Divines,2016.0,83,18,72.0,666.0,105.0,1.0,0,1,0.0,0.0
tt4736550,14194,The Great Hack,2019.0,87,47,64.0,288.0,113.0,1.0,1,1,0.0,1.0
tt4738776,7005,Half Magic,2018.0,55,29,55.0,137.0,100.0,0.0,0,1,0.0,6.0
tt4765284,11210,Pitch Perfect 3,2017.0,30,141,44.0,16754.0,,0.0,0,1,0.0,
tt4797436,8081,Jack Goes Home,2016.0,18,11,28.0,173.0,100.0,0.0,0,1,0.0,0.0
tt4824308,6711,God's Not Dead 2,2016.0,8,38,62.0,13252.0,120.0,0.0,0,1,0.0,0.0
tt4827558,7320,High Life,2019.0,83,208,42.0,725.0,110.0,1.0,1,1,1.0,3.0
tt4867110,13365,Swiped,,17,6,54.0,957.0,93.0,0.0,0,1,,0.0
tt4871980,14691,The Perfect Match,2016.0,25,16,44.0,4144.0,95.0,0.0,0,1,0.0,1.0
tt4877122,14027,The Emoji Movie,2017.0,7,129,38.0,24942.0,86.0,0.0,0,1,0.0,0.0
tt4882376,6141,First They Killed My Father,2017.0,87,68,80.0,2304.0,,1.0,1,1,0.0,
tt4897822,16205,Where to Invade Next,2016.0,79,190,77.0,11516.0,110.0,1.0,1,1,1.0,10.0
tt4899370,9704,Megan Leavey,2017.0,87,99,82.0,10399.0,116.0,1.0,1,1,0.0,0.0
tt4912910,9889,Mission: Impossible - Fallout,2018.0,97,413,87.0,15266.0,147.0,1.0,1,1,0.0,0.0
tt4915672,1977,7 Guardians of the Tomb,2018.0,7,15,27.0,93.0,90.0,0.0,0,1,0.0,0.0
tt4935446,7175,Heart of a Dog,2015.0,96,90,64.0,2687.0,75.0,1.0,1,1,0.0,0.0
tt4936176,9593,Mascots,2016.0,49,47,36.0,661.0,120.0,0.0,0,1,0.0,31.0
tt4955566,2464,Almost Friends,2017.0,29,7,48.0,141.0,101.0,0.0,0,1,1.0,0.0
tt4972582,12945,Split,2017.0,77,294,79.0,53061.0,116.0,1.0,1,1,1.0,1.0
tt4975920,14375,The Kid,2019.0,45,40,48.0,186.0,99.0,0.0,0,1,0.0,1.0
tt4991112,15148,They Remain,2018.0,54,24,38.0,96.0,102.0,0.0,0,1,0.0,0.0
tt4991652,4037,Camino,2016.0,32,19,20.0,70.0,103.0,0.0,0,1,1.0,0.0
tt5027774,15222,"Three Billboards Outside Ebbing, Missouri",2017.0,90,390,87.0,22270.0,115.0,1.0,1,1,0.0,0.0
tt5059406,7628,I Am the Pretty Thing That Lives in the House,2016.0,58,19,24.0,919.0,87.0,0.0,0,1,0.0,2.0
tt5068650,13936,The Dark Tapes,,89,9,57.0,435.0,98.0,1.0,0,1,,0.0
tt5116410,15404,Tower,2016.0,99,97,89.0,3288.0,82.0,1.0,1,1,0.0,0.0
tt5117428,16313,Wild Rose,2019.0,93,171,88.0,168.0,101.0,1.0,1,1,1.0,0.0
tt5129682,8496,King Cobra,2016.0,49,35,32.0,1570.0,91.0,0.0,0,1,0.0,0.0
tt5129818,15688,Under The Sun,2016.0,93,30,69.0,604.0,106.0,1.0,0,1,1.0,0.0
tt5160938,9084,Lizzie,2018.0,66,143,49.0,468.0,106.0,0.0,0,1,0.0,1.0
tt5162658,6749,Gold,2017.0,43,182,45.0,8544.0,120.0,0.0,0,1,0.0,17.0
tt5168192,7640,"I, Daniel Blake",2017.0,92,179,85.0,8255.0,100.0,1.0,1,1,1.0,0.0
tt5179598,3417,Billionaire Boys Club,2018.0,7,15,37.0,302.0,100.0,0.0,0,1,0.0,8.0
tt5189828,9917,Mohawk,2018.0,83,42,28.0,205.0,92.0,1.0,1,1,1.0,1.0
tt5208950,8432,Kickboxer: Retaliation,2018.0,92,13,72.0,445.0,110.0,1.0,0,1,0.0,0.0
tt5246700,7531,How It Ends,2018.0,18,17,16.0,1409.0,,0.0,0,1,0.0,
tt5267472,13077,Step Sisters,2017.0,22,9,46.0,164.0,108.0,0.0,0,1,1.0,0.0
tt5275830,5560,Eat That Question: Frank Zappa in His Own Words,2016.0,92,71,73.0,1590.0,90.0,1.0,1,1,0.0,3.0
tt5278460,2872,Audrie & Daisy,,81,16,72.0,505.0,95.0,1.0,0,1,,0.0
tt5278466,8194,Jim: The James Foley Story,2016.0,91,22,74.0,287.0,100.0,1.0,0,1,0.0,11.0
tt5294198,4158,Catfight,2017.0,73,59,42.0,1130.0,96.0,0.0,0,1,1.0,1.0
tt5342650,11738,Reset,2017.0,50,8,52.0,71.0,106.0,0.0,0,1,0.0,1.0
tt5362988,16349,Wind River,2017.0,88,240,90.0,29174.0,111.0,1.0,1,1,0.0,4.0
tt5390504,5160,Detroit,2017.0,84,288,79.0,17743.0,142.0,1.0,1,1,0.0,1.0
tt5434972,5981,Fastball,2016.0,89,19,79.0,616.0,85.0,1.0,0,1,0.0,2.0
tt5461944,7481,Hotel Mumbai,2019.0,75,187,86.0,747.0,123.0,1.0,1,1,1.0,0.0
tt5464234,8455,Kill Switch,2017.0,10,21,19.0,879.0,91.0,0.0,0,1,0.0,0.0
tt5470222,4617,Contract to Kill,2016.0,0,5,19.0,141.0,90.0,0.0,0,1,0.0,0.0
tt5473090,13363,Swinging Safari,2019.0,77,26,61.0,18.0,97.0,1.0,0,1,1.0,0.0
tt5523010,14630,The Nutcracker and the Four Realms,2018.0,33,199,33.0,2154.0,99.0,0.0,0,1,0.0,0.0
tt5574372,10357,Nerdland,,23,13,27.0,105.0,85.0,0.0,0,1,,0.0
tt5580266,14233,The Hate U Give,2018.0,97,213,82.0,4107.0,132.0,1.0,1,1,0.0,1.0
tt5580392,2498,Amateur,2018.0,60,5,68.0,106.0,96.0,0.0,0,1,0.0,0.0
tt5615904,15711,Unforgettable,2017.0,26,118,33.0,6356.0,101.0,0.0,0,1,1.0,12.0
tt5634960,2156,A Very Sordid Wedding,2017.0,86,7,95.0,1531.0,109.0,1.0,0,1,0.0,0.0
tt5644050,11160,Pick of the Litter,2018.0,97,62,90.0,502.0,81.0,1.0,1,1,0.0,1.0
tt5657856,3777,Brawl in Cell Block 99,2017.0,91,89,74.0,5983.0,132.0,1.0,1,1,0.0,0.0
tt5685006,11463,Puppet Master: The Littlest Reich,2018.0,67,43,52.0,182.0,84.0,0.0,0,1,0.0,6.0
tt5687814,6758,Golden Exits,2018.0,67,52,41.0,233.0,94.0,0.0,0,1,1.0,0.0
tt5690360,12668,Slender Man,2018.0,7,76,18.0,2374.0,93.0,0.0,0,1,0.0,0.0
tt5691024,12513,Show Dogs,2018.0,16,63,25.0,690.0,92.0,0.0,0,1,0.0,0.0
tt5702446,6694,God Bless the Broken Road,2018.0,18,11,77.0,244.0,113.0,0.0,0,1,0.0,2.0
tt5716464,3801,Breathe,2017.0,68,161,71.0,3766.0,,0.0,0,1,0.0,
tt5719700,7400,Home Again,2017.0,33,134,45.0,8957.0,,0.0,0,1,0.0,
tt5737582,9799,Midnighters,2018.0,83,30,34.0,206.0,94.0,1.0,0,1,1.0,0.0
tt5740866,16255,Whitney,2018.0,89,152,74.0,780.0,120.0,1.0,1,1,0.0,0.0
tt5752360,14065,The Female Brain,2018.0,37,19,52.0,146.0,98.0,0.0,0,1,1.0,0.0
tt5795086,6532,Gemini,2018.0,70,74,43.0,963.0,93.0,0.0,1,1,1.0,0.0
tt5804314,8897,Let There Be Light,2017.0,30,10,75.0,2934.0,100.0,0.0,0,1,0.0,0.0
tt5813366,3538,Bleeding Steel,2018.0,22,18,23.0,213.0,110.0,0.0,0,1,1.0,1.0
tt5829040,6455,Fun Mom Dinner,2017.0,33,27,36.0,252.0,89.0,0.0,0,1,0.0,8.0
tt5834854,9583,Mary,2019.0,4,24,38.0,8.0,,0.0,0,1,0.0,
tt5851014,12149,Savage Dog,2017.0,73,11,43.0,128.0,94.0,0.0,0,1,0.0,0.0
tt5862166,14710,The Poison Rose,2019.0,0,6,23.0,112.0,98.0,0.0,0,1,0.0,0.0
tt5866930,13658,The Adventurers,2017.0,14,7,28.0,173.0,104.0,0.0,0,1,0.0,36.0
tt5883570,3645,Bodied,2018.0,90,77,87.0,772.0,120.0,1.0,1,1,1.0,0.0
tt5884784,14920,The Super,2018.0,40,10,70.0,254.0,90.0,0.0,0,1,1.0,0.0
tt5913798,16469,Wounds,2019.0,53,45,,,101.0,0.0,0,1,0.0,6.0
tt6016744,14020,The Edge of Democracy,,96,24,,,113.0,1.0,0,1,,8.0
tt6038042,9380,Madness in the Method,2019.0,29,7,77.0,26.0,99.0,0.0,0,1,0.0,0.0
tt6053438,6138,First Reformed,2018.0,93,233,68.0,3250.0,108.0,1.0,1,1,1.0,5.0
tt6054290,12847,SoulMate,2016.0,100,7,81.0,134.0,109.0,1.0,0,1,0.0,1.0
tt6054650,2118,A Question of Faith,2017.0,40,5,78.0,1141.0,91.0,0.0,0,1,0.0,13.0
tt6069126,14039,The Escape,2018.0,77,44,51.0,416.0,102.0,1.0,1,1,1.0,1.0
tt6087426,13112,Still/Born,2018.0,67,21,30.0,215.0,87.0,0.0,0,1,1.0,0.0
tt6118340,13724,The Basement,2018.0,11,9,25.0,93.0,,0.0,0,1,0.0,
tt6131450,2815,Asher,2018.0,46,13,42.0,72.0,117.0,0.0,0,1,0.0,13.0
tt6133130,11401,Professor Marston & The Wonder Women,2017.0,87,171,78.0,5274.0,108.0,1.0,1,1,0.0,0.0
tt6146586,8242,John Wick: Chapter 3 - Parabellum,2019.0,90,322,86.0,36923.0,131.0,1.0,1,1,0.0,1.0
tt6169694,7691,I Think We're Alone Now,2018.0,64,39,45.0,397.0,93.0,0.0,0,1,0.0,6.0
tt6182078,12973,St. Agatha,2019.0,63,24,37.0,180.0,90.0,0.0,0,1,1.0,13.0
tt6198946,14257,The Hole in the Ground,2019.0,85,85,52.0,253.0,90.0,1.0,1,1,0.0,0.0
tt6222286,11082,Perfect,2019.0,17,12,0.0,5.0,87.0,0.0,0,1,1.0,1.0
tt6238896,5541,Earth: One Amazing Day,2017.0,100,21,84.0,214.0,95.0,1.0,0,1,0.0,0.0
tt6294822,14716,The Post,2018.0,88,381,73.0,12043.0,115.0,1.0,1,1,1.0,1.0
tt6294892,2908,Awakening the Zodiac,2017.0,42,12,34.0,366.0,100.0,0.0,0,1,0.0,0.0
tt6330052,6524,Gauguin: Voyage to Tahiti,2018.0,40,30,37.0,104.0,102.0,0.0,0,1,1.0,0.0
tt6333060,7707,Icarus,2017.0,94,47,94.0,2377.0,110.0,1.0,1,1,0.0,10.0
tt6334884,7302,Hickok,2017.0,57,7,18.0,157.0,88.0,0.0,0,1,0.0,0.0
tt6343314,4713,Creed II,2018.0,84,283,80.0,5103.0,130.0,1.0,1,1,0.0,0.0
tt6359956,2007,A Bad Moms Christmas,2017.0,31,127,44.0,13153.0,,0.0,0,1,0.0,
tt6412452,13718,The Ballad of Buster Scruggs,2018.0,91,215,77.0,3146.0,132.0,1.0,1,1,0.0,1.0
tt6421110,11424,Proud Mary,2018.0,28,69,47.0,1744.0,,0.0,0,1,0.0,
tt6423362,14918,The Sun Is Also a Star,2019.0,51,98,63.0,725.0,,0.0,0,1,0.0,
tt6472976,6158,Five Feet Apart,2019.0,54,116,79.0,824.0,120.0,0.0,0,1,0.0,4.0
tt6495094,9062,Little Women,2018.0,29,24,75.0,216.0,112.0,0.0,0,1,0.0,0.0
tt6510332,9656,McQueen,2018.0,99,116,77.0,820.0,111.0,1.0,1,1,0.0,0.0
tt6512428,7888,Indivisible,2018.0,72,18,86.0,327.0,,0.0,0,1,0.0,
tt6572702,9959,Monster Family,2018.0,10,21,22.0,220.0,96.0,0.0,0,1,1.0,3.0
tt6610158,12057,Rust Creek,2019.0,84,44,66.0,525.0,108.0,1.0,1,1,1.0,0.0
tt6643972,15503,Triple Threat,2019.0,70,30,36.0,172.0,96.0,0.0,0,1,0.0,0.0
tt6659936,5805,Every Time I Die,2019.0,100,7,73.0,15.0,98.0,1.0,0,1,0.0,0.0
tt6684714,2237,Acts of Violence,2018.0,0,13,32.0,261.0,86.0,0.0,0,1,0.0,0.0
tt6722976,14026,The Elephant Queen,2019.0,90,20,86.0,15.0,96.0,1.0,0,1,1.0,0.0
tt6729000,15634,Tyrel,2018.0,60,50,34.0,120.0,86.0,0.0,0,1,0.0,0.0
tt6739646,7618,I Am Heath Ledger,2017.0,86,29,83.0,513.0,115.0,1.0,0,1,0.0,25.0
tt6747818,11981,Room for Rent,,82,11,48.0,50.0,82.0,1.0,0,2,,1.0
tt6752848,3662,Bombshell: The Hedy Lamarr Story,2017.0,95,88,86.0,1135.0,90.0,1.0,1,1,0.0,2.0
tt6781982,10446,Night School,2018.0,27,135,37.0,2249.0,111.0,0.0,0,1,0.0,0.0
tt6884200,2073,A Kid Like Jake,2018.0,53,45,46.0,203.0,92.0,0.0,0,1,0.0,0.0
tt6917210,3919,Buffalo Boys,2019.0,81,32,37.0,99.0,103.0,1.0,0,1,1.0,1.0
tt6964562,3493,Black Site,,71,7,14.0,17.0,87.0,0.0,0,1,,4.0
tt6966692,6896,Green Book,2018.0,78,335,91.0,9028.0,130.0,1.0,1,1,0.0,0.0
tt7010412,14188,The Great Buddha+,2018.0,88,17,81.0,123.0,104.0,1.0,0,1,1.0,2.0
tt7073710,16144,What Keeps You Alive,2018.0,82,45,51.0,526.0,100.0,1.0,1,1,0.0,2.0
tt7078658,13942,The Day Shall Come,2019.0,65,84,59.0,49.0,88.0,0.0,0,1,0.0,1.0
tt7137846,3793,Breaking In,2018.0,26,102,32.0,977.0,88.0,0.0,0,1,0.0,0.0
tt7149336,15003,The Unicorn,2019.0,91,11,66.0,206.0,89.0,1.0,0,1,1.0,1.0
tt7214842,10745,One of Us,2017.0,96,24,83.0,445.0,95.0,1.0,0,1,0.0,0.0
tt7248248,9305,Lucky Day,2019.0,11,9,67.0,15.0,99.0,0.0,0,1,0.0,0.0
tt7253506,8210,Joan Didion: The Center Will Not Hold,2017.0,89,35,80.0,215.0,94.0,1.0,0,1,0.0,0.0
tt7256866,6001,Father of the Year,,0,11,52.0,309.0,94.0,0.0,0,1,,0.0
tt7284202,15489,Trespassers,2019.0,61,28,50.0,8.0,88.0,0.0,0,1,1.0,0.0
tt7295450,3317,Between Worlds,,29,21,86.0,606.0,90.0,0.0,0,1,,0.0
tt7329810,13769,The Bill Murray Stories: Life Lessons Learned from a Mythical Man,,94,18,78.0,286.0,70.0,1.0,0,1,,0.0
tt7339792,15657,Unbroken: Path to Redemption,2018.0,38,26,78.0,369.0,,0.0,0,1,0.0,
tt7349662,3509,BlacKkKlansman,2018.0,96,413,82.0,10188.0,135.0,1.0,1,1,0.0,0.0
tt7364566,9537,Maria By Callas,2018.0,92,74,74.0,244.0,95.0,1.0,1,1,1.0,24.0
tt7374952,5616,El Chicano,2019.0,38,24,60.0,111.0,107.0,0.0,0,1,1.0,37.0
tt7401588,7936,Instant Family,2018.0,82,143,81.0,2940.0,117.0,1.0,1,1,0.0,1.0
tt7472352,12481,Shirkers,2018.0,100,61,79.0,369.0,96.0,1.0,1,1,0.0,1.0
tt7558302,9326,Lying and Stealing,2019.0,67,12,14.0,36.0,100.0,0.0,0,1,0.0,0.0
tt7668870,12242,Searching,2018.0,92,242,88.0,6394.0,101.0,1.0,1,1,0.0,1.0
tt7692822,5471,Driven,2019.0,65,34,75.0,83.0,108.0,0.0,0,1,0.0,18.0
tt7784604,7283,Hereditary,2018.0,89,353,66.0,11749.0,127.0,1.0,1,1,0.0,0.0
tt7869070,14058,The Fanatic,2019.0,18,57,32.0,145.0,88.0,0.0,0,1,0.0,0.0
tt7942746,3646,Body at Brighton Rock,2019.0,64,39,23.0,44.0,87.0,0.0,0,1,0.0,0.0
tt7942936,7705,Ibiza,2018.0,67,24,39.0,483.0,120.0,0.0,0,1,1.0,33.0
tt7957694,14440,The Last Summer,,17,6,28.0,29.0,105.0,0.0,0,1,,4.0
tt7958736,9330,Ma,2019.0,54,192,64.0,8227.0,110.0,0.0,0,1,0.0,11.0
tt7976208,14238,The Haunting of Sharon Tate,2019.0,21,29,35.0,128.0,94.0,0.0,0,1,0.0,0.0
tt7984766,14389,The King,2019.0,72,99,86.0,442.0,133.0,0.0,0,1,0.0,7.0
tt8033592,15772,Us and Them,2018.0,63,19,69.0,166.0,83.0,0.0,0,1,0.0,37.0
tt8106568,9930,Momentum Generation,,100,6,100.0,48.0,103.0,1.0,0,1,,0.0
tt8106576,13781,The Bleeding Edge,2018.0,100,19,83.0,331.0,99.0,1.0,0,1,0.0,0.0
tt8195518,4790,Cuck,2019.0,50,10,39.0,64.0,115.0,0.0,0,1,0.0,0.0
tt8201170,14688,The Perfect Date,,69,16,38.0,458.0,89.0,0.0,0,1,,0.0
tt8329290,14171,The Golem,2019.0,88,24,43.0,208.0,95.0,1.0,0,1,1.0,0.0
tt8332666,15365,Tone-Deaf,2019.0,37,27,27.0,22.0,87.0,0.0,0,1,0.0,0.0
tt8350360,2676,Annabelle Comes Home,2019.0,64,194,70.0,9402.0,100.0,0.0,0,1,0.0,6.0
tt8396294,4918,Darlin',2019.0,70,30,62.0,13.0,101.0,0.0,0,1,0.0,1.0
tt8526872,5317,Dolemite Is My Name,2019.0,97,168,91.0,106.0,118.0,1.0,1,1,0.0,0.0
tt8663516,4306,Child's Play,2019.0,63,192,57.0,5792.0,90.0,0.0,0,1,0.0,0.0
tt8695030,13947,The Dead Don't Die,2019.0,56,270,38.0,1783.0,103.0,0.0,0,1,0.0,1.0
tt8743064,12278,See You Yesterday,,95,37,30.0,132.0,80.0,1.0,1,1,,4.0
tt8760684,2740,Apollo 11,2019.0,99,162,91.0,802.0,93.0,1.0,1,1,0.0,0.0
tt8819596,12230,Screwball,2019.0,94,31,93.0,41.0,105.0,1.0,0,1,1.0,0.0
tt8879946,9405,Maiden,2019.0,98,112,97.0,213.0,97.0,1.0,1,1,1.0,0.0
tt9024106,15734,Unplanned,2019.0,40,25,90.0,5131.0,110.0,0.0,0,1,0.0,1.0
tt9026184,6644,Girl on the Third Floor,2019.0,82,28,,,93.0,1.0,0,1,0.0,0.0
tt9097270,16475,Wrinkles the Clown,2019.0,67,27,,,78.0,0.0,0,1,0.0,0.0
tt9107368,3638,Bob Lazar: Area 51 & Flying Saucers,,20,5,38.0,128.0,97.0,0.0,0,1,,0.0
tt9185816,16449,Woodstock: Three Days That Defined a Generation,2019.0,85,26,81.0,43.0,96.0,1.0,0,1,0.0,10.0
tt9243946,5613,El Camino: A Breaking Bad Movie,2019.0,90,114,82.0,3772.0,122.0,1.0,1,1,0.0,0.0
tt9252508,13435,Tall Girl,,44,9,,,102.0,0.0,0,1,,1.0
tt9358052,8563,Knock Down the House,2019.0,100,86,17.0,2686.0,86.0,1.0,1,1,0.0,1.0
tt9419834,12259,Secret Obsession,,31,16,20.0,5.0,97.0,0.0,0,1,,0.0
